ticker,avg_mktcap
OLPX,1125327.554078014
LAB,663982.864
ATUS,497967.3735185186
ALLO,396164.5
RXT,385166.7613888889
SANA,383466.875
EAF,350400.6970605381
SMRT,335540.5927777778
KIND,310730.32390243904
LNZA,301616.3114113821
SLQT,269256.5288172043
HYLN,264661.3009294118
AEVA,244858.3171
EGHT,238641.49456521738
NAUT,224968.83333333334
MRSN,206584.36907142858
CMPX,204163.99645767637
KLTR,195871.45629862385
AMWL,194735.5198480916
IHRT,187602.11268676468
ALEC,181496.93333333335
BKSY,177345.26503488372
MYPS,173000.31548387097
SCWO,167426.565865873
CRBU,166172.3455487805
