date,ticker,mentions
2024-01-01,ESPR,1
2024-01-01,FSR,1
2024-01-01,LUMN,1
2024-01-01,NXTP,1
2024-01-01,OPEN,1
2024-01-01,SST,1
2024-01-01,TLRY,1
2024-01-01,WULF,1
2024-01-02,AKBA,2
2024-01-02,CDIO,1
2024-01-02,FSR,1
2024-01-02,LMFA,1
2024-01-02,MIGI,1
2024-01-02,PIK,1
2024-01-03,AMPE,1
2024-01-03,COMS,1
2024-01-03,SOPA,2
2024-01-04,BBLG,2
2024-01-04,IVP,1
2024-01-04,JSPR,1
2024-01-04,OMGA,1
2024-01-04,ROI,1
2024-01-04,SMFL,1
2024-01-04,VLCN,1
2024-01-05,BIG,1
2024-01-05,BIVI,1
2024-01-05,EQ,1
2024-01-05,GOEV,1
2024-01-05,INBS,1
2024-01-05,MSS,1
2024-01-05,OPK,1
2024-01-05,SRFM,1
2024-01-07,LMFA,1
2024-01-07,MOVE,1
2024-01-07,NKLA,1
2024-01-08,BBLG,1
2024-01-08,CELU,1
2024-01-08,EQ,1
2024-01-08,FSR,1
2024-01-08,GOEV,1
2024-01-08,HSCS,1
2024-01-08,ICU,1
2024-01-08,IVP,1
2024-01-08,MIGI,1
2024-01-08,PIXY,2
2024-01-08,SOPA,1
2024-01-08,SPEC,1
2024-01-08,VNCE,1
2024-01-08,WULF,1
2024-01-09,ATOS,1
2024-01-09,BACK,2
2024-01-09,BIG,2
2024-01-09,CEI,1
2024-01-09,EBS,1
2024-01-09,GBR,1
2024-01-09,ICU,1
2024-01-09,ME,1
2024-01-09,MIGI,2
2024-01-09,TCRT,1
2024-01-09,WULF,1
2024-01-10,BBLG,1
2024-01-10,BIG,1
2024-01-10,BJDX,1
2024-01-10,DTC,1
2024-01-10,GGE,1
2024-01-10,KSCP,1
2024-01-10,SDPI,1
2024-01-10,SOPA,1
2024-01-10,UAMY,1
2024-01-10,VVOS,1
2024-01-10,WWR,1
2024-01-10,XCUR,1
2024-01-11,BCEL,1
2024-01-11,BKYI,1
2024-01-11,BNED,1
2024-01-11,BTM,1
2024-01-11,CARA,1
2024-01-11,EDBL,1
2024-01-11,ELEV,2
2024-01-11,GGE,1
2024-01-11,ICU,2
2024-01-11,LMFA,1
2024-01-11,NUKK,1
2024-01-11,NXU,1
2024-01-11,OCTO,1
2024-01-11,PED,1
2024-01-11,RNAZ,1
2024-01-11,SGBX,1
2024-01-11,UAMY,1
2024-01-11,VVOS,1
2024-01-11,WWR,1
2024-01-12,BIG,1
2024-01-12,CDIO,1
2024-01-12,CRGE,2
2024-01-12,ICU,1
2024-01-12,KITT,1
2024-01-12,LMFA,1
2024-01-12,PIXY,1
2024-01-12,SOPA,1
2024-01-12,VWE,1
2024-01-12,XXII,1
2024-01-13,FSR,1
2024-01-13,LMFA,1
2024-01-14,MIGI,1
2024-01-15,ICU,1
2024-01-15,MIGI,1
2024-01-16,BIG,1
2024-01-16,ELEV,3
2024-01-16,MIGI,1
2024-01-16,PHUN,2
2024-01-16,SGBX,1
2024-01-16,TLRY,1
2024-01-17,BDSX,1
2024-01-17,CTM,1
2024-01-17,GRYP,1
2024-01-17,ICU,1
2024-01-17,KERN,1
2024-01-17,KTRA,1
2024-01-17,LQR,1
2024-01-17,MMAT,1
2024-01-17,NUKK,1
2024-01-17,PET,1
2024-01-17,ROI,1
2024-01-17,VIEW,1
2024-01-17,XXII,1
2024-01-18,ATOS,1
2024-01-18,BBAI,1
2024-01-18,BFRG,1
2024-01-18,CUE,1
2024-01-18,EQ,1
2024-01-18,HRTX,1
2024-01-18,ICU,3
2024-01-18,INBS,1
2024-01-18,JAN,1
2024-01-18,LQR,2
2024-01-18,MIMO,1
2024-01-18,ONTX,1
2024-01-18,PGEN,1
2024-01-18,PHUN,1
2024-01-18,TGL,1
2024-01-18,WINT,1
2024-01-19,BIG,1
2024-01-19,DNMR,1
2024-01-19,EQ,1
2024-01-19,LQR,1
2024-01-19,ME,1
2024-01-19,OMGA,2
2024-01-19,PNST,2
2024-01-19,SAVE,1
2024-01-19,SMFL,1
2024-01-19,VLCN,1
2024-01-20,CRGE,1
2024-01-20,CVKD,1
2024-01-20,ICU,1
2024-01-21,AGEN,2
2024-01-21,DNA,1
2024-01-21,VLCN,1
2024-01-21,WINT,1
2024-01-22,AMPG,1
2024-01-22,BIG,3
2024-01-22,GGE,1
2024-01-22,ICU,3
2024-01-22,LIFE,1
2024-01-22,LIFW,2
2024-01-22,LQR,1
2024-01-22,NUKK,1
2024-01-22,PHUN,1
2024-01-22,PIXY,1
2024-01-22,SAVE,2
2024-01-22,SOUN,1
2024-01-22,VLCN,1
2024-01-22,VRM,1
2024-01-22,XXII,1
2024-01-23,AISP,1
2024-01-23,CXAI,1
2024-01-23,EBS,2
2024-01-23,EVA,1
2024-01-23,GGE,4
2024-01-23,GOEV,1
2024-01-23,ICU,3
2024-01-23,LIFW,1
2024-01-23,LPTV,1
2024-01-23,MGRX,2
2024-01-23,NUWE,1
2024-01-23,PED,1
2024-01-23,PHUN,2
2024-01-23,RGTI,1
2024-01-23,TLRY,1
2024-01-24,CYN,1
2024-01-24,FCEL,1
2024-01-24,GGE,1
2024-01-24,ICU,3
2024-01-24,LQR,1
2024-01-24,PHUN,2
2024-01-24,WKHS,1
2024-01-25,AKBA,1
2024-01-25,ARAV,1
2024-01-25,CLNN,1
2024-01-25,CVKD,1
2024-01-25,GOEV,1
2024-01-25,ICD,1
2024-01-25,ICU,2
2024-01-25,LQR,1
2024-01-25,PCSA,1
2024-01-25,PHUN,1
2024-01-25,PIXY,1
2024-01-25,WKHS,1
2024-01-25,XXII,1
2024-01-26,BFRG,1
2024-01-26,BIG,1
2024-01-26,CVKD,1
2024-01-26,ICU,1
2024-01-26,JEWL,1
2024-01-26,ME,1
2024-01-26,PED,2
2024-01-26,PHUN,1
2024-01-26,PIXY,1
2024-01-26,SDOT,1
2024-01-27,CLNN,1
2024-01-27,CYN,1
2024-01-27,GOEV,1
2024-01-27,ICU,4
2024-01-27,MIGI,1
2024-01-27,SHOT,1
2024-01-27,SKYX,1
2024-01-28,CPHI,1
2024-01-28,CVKD,1
2024-01-28,ICU,1
2024-01-28,LEXX,1
2024-01-28,MIGI,3
2024-01-28,NVOS,1
2024-01-28,WULF,1
2024-01-29,CTXR,1
2024-01-29,EBS,1
2024-01-29,EQ,1
2024-01-29,GWAV,1
2024-01-29,ICU,1
2024-01-29,LQR,2
2024-01-29,MDAI,1
2024-01-29,MIGI,1
2024-01-29,SHOT,1
2024-01-29,VLCN,1
2024-01-30,ALLR,2
2024-01-30,BCDA,1
2024-01-30,CATX,1
2024-01-30,CELU,1
2024-01-30,CTXR,1
2024-01-30,ICU,1
2024-01-30,MARK,1
2024-01-30,MDAI,1
2024-01-30,MGRX,1
2024-01-30,MMAT,1
2024-01-30,NUVB,1
2024-01-30,OMQS,1
2024-01-30,PALI,1
2024-01-31,BIG,1
2024-01-31,CTXR,1
2024-01-31,CVKD,1
2024-01-31,MDAI,1
2024-01-31,ROI,1
2024-02-01,BJDX,1
2024-02-01,CCO,1
2024-02-01,CNXA,1
2024-02-01,CVKD,1
2024-02-01,DNA,1
2024-02-01,DTC,1
2024-02-01,ICU,3
2024-02-01,KAVL,1
2024-02-01,LIFW,1
2024-02-01,LQR,2
2024-02-01,MDAI,1
2024-02-01,MIMO,1
2024-02-01,NOTE,1
2024-02-01,OCGN,1
2024-02-01,PHUN,1
2024-02-01,TRUG,1
2024-02-01,WULF,1
2024-02-02,ABAT,1
2024-02-02,ATRA,2
2024-02-02,GOEV,1
2024-02-02,IMG,1
2024-02-02,MNTS,1
2024-02-02,PHUN,1
2024-02-02,QMCO,1
2024-02-02,TRUG,1
2024-02-03,MAPS,1
2024-02-04,BIG,1
2024-02-04,GERN,1
2024-02-04,GWAV,1
2024-02-04,LIFE,1
2024-02-04,NOTE,1
2024-02-04,PHUN,1
2024-02-05,ADVM,1
2024-02-05,AQMS,1
2024-02-05,BIG,1
2024-02-05,BRTX,1
2024-02-05,IVP,1
2024-02-05,MAPS,1
2024-02-05,ME,1
2024-02-05,NXPL,1
2024-02-05,PHUN,1
2024-02-05,TGL,2
2024-02-05,VLD,1
2024-02-06,AGEN,1
2024-02-06,EQ,1
2024-02-06,ICU,2
2024-02-06,IVP,1
2024-02-06,LQR,2
2024-02-06,LUMN,2
2024-02-06,OCGN,1
2024-02-06,PHUN,2
2024-02-06,PIXY,1
2024-02-06,SINT,1
2024-02-06,SUNW,1
2024-02-06,TELL,2
2024-02-07,ATRA,1
2024-02-07,BLUE,1
2024-02-07,BTTR,1
2024-02-07,CDIO,2
2024-02-07,JAGX,1
2024-02-07,KTRA,1
2024-02-07,LQR,1
2024-02-07,MNTS,1
2024-02-07,SHOT,1
2024-02-07,SLS,2
2024-02-08,AKBA,1
2024-02-08,AMPG,1
2024-02-08,BIG,1
2024-02-08,CATX,1
2024-02-08,EYEN,1
2024-02-08,FEMY,1
2024-02-08,FSR,1
2024-02-08,GEVO,1
2024-02-08,GGE,2
2024-02-08,KPTI,1
2024-02-08,LQR,4
2024-02-08,MCRB,1
2024-02-08,NOTE,1
2024-02-08,PHUN,1
2024-02-08,SINT,1
2024-02-08,SYRA,1
2024-02-08,THAR,2
2024-02-08,XFOR,1
2024-02-09,BTTR,2
2024-02-09,CAUD,2
2024-02-09,CDIO,1
2024-02-09,EQ,1
2024-02-09,ICU,2
2024-02-09,INBS,1
2024-02-09,KSCP,1
2024-02-09,LQR,1
2024-02-09,NBY,1
2024-02-09,NSTG,1
2024-02-09,NUWE,1
2024-02-09,PED,1
2024-02-09,QUBT,1
2024-02-09,SHOT,1
2024-02-09,SYRA,2
2024-02-10,BLNK,1
2024-02-10,ICU,5
2024-02-10,NUWE,1
2024-02-10,PBLA,1
2024-02-10,RR,1
2024-02-11,AGEN,1
2024-02-11,CAUD,1
2024-02-11,ICU,1
2024-02-11,NSTG,1
2024-02-11,ZDGE,1
2024-02-12,AGEN,1
2024-02-12,AKBA,1
2024-02-12,ATRA,1
2024-02-12,CAUD,1
2024-02-12,DNA,1
2024-02-12,ICU,2
2024-02-12,INBS,1
2024-02-12,KULR,1
2024-02-12,LQR,1
2024-02-12,MCRB,1
2024-02-12,MOBX,1
2024-02-12,MVST,2
2024-02-12,NRXP,1
2024-02-12,NUWE,1
2024-02-12,OCGN,1
2024-02-12,PLUG,1
2024-02-12,TOON,1
2024-02-12,XXII,1
2024-02-13,AULT,2
2024-02-13,BIG,1
2024-02-13,BIOL,1
2024-02-13,CRGE,1
2024-02-13,EMKR,1
2024-02-13,EQ,1
2024-02-13,EVA,2
2024-02-13,ICU,1
2024-02-13,IVDA,1
2024-02-13,NSTG,1
2024-02-13,TNXP,1
2024-02-13,TOON,1
2024-02-14,AGEN,2
2024-02-14,ATRA,1
2024-02-14,CAUD,1
2024-02-14,CISO,1
2024-02-14,CLRO,1
2024-02-14,CTM,1
2024-02-14,EMKR,1
2024-02-14,GEVO,1
2024-02-14,ICU,1
2024-02-14,KULR,1
2024-02-14,MIGI,1
2024-02-14,PBLA,2
2024-02-14,PLUG,1
2024-02-14,SGBX,1
2024-02-14,TGL,6
2024-02-14,TOON,2
2024-02-15,AGEN,2
2024-02-15,ANTX,1
2024-02-15,APPS,1
2024-02-15,CAUD,2
2024-02-15,CETY,1
2024-02-15,CHRS,1
2024-02-15,CTXR,1
2024-02-15,DBGI,1
2024-02-15,DNMR,2
2024-02-15,ELAB,1
2024-02-15,EQ,1
2024-02-15,FFIE,1
2024-02-15,GETR,2
2024-02-15,GEVO,1
2024-02-15,GGE,1
2024-02-15,ICU,1
2024-02-15,INBS,1
2024-02-15,KPTI,1
2024-02-15,MIGI,2
2024-02-15,MOVE,1
2024-02-15,OCGN,1
2024-02-15,OMGA,2
2024-02-15,SOUN,6
2024-02-15,TGL,1
2024-02-15,TNXP,1
2024-02-15,TYGO,1
2024-02-16,BCDA,1
2024-02-16,BIOL,1
2024-02-16,GERN,1
2024-02-16,GGE,1
2024-02-16,ICU,3
2024-02-16,NUKK,1
2024-02-16,OCGN,1
2024-02-16,RR,1
2024-02-16,SGMO,1
2024-02-16,VLD,1
2024-02-17,ANTX,1
2024-02-17,CELU,1
2024-02-17,EQ,1
2024-02-17,ICU,1
2024-02-17,KULR,1
2024-02-17,MIGI,1
2024-02-17,OCGN,1
2024-02-17,SPRB,1
2024-02-17,WKHS,1
2024-02-18,AKBA,1
2024-02-18,LIFE,1
2024-02-18,PHUN,1
2024-02-18,VXRT,1
2024-02-18,WKHS,1
2024-02-19,AKBA,1
2024-02-19,DNA,1
2024-02-19,GERN,1
2024-02-19,PHUN,1
2024-02-19,QBTS,1
2024-02-19,XXII,1
2024-02-20,AGEN,1
2024-02-20,ATRA,1
2024-02-20,BCDA,1
2024-02-20,BFX,1
2024-02-20,BIOL,1
2024-02-20,CAUD,1
2024-02-20,EMKR,1
2024-02-20,EVA,1
2024-02-20,GGE,2
2024-02-20,ICU,3
2024-02-20,KSCP,1
2024-02-20,KTRA,1
2024-02-20,KULR,1
2024-02-20,MNPR,1
2024-02-20,NKLA,1
2024-02-20,NVOS,1
2024-02-20,OCGN,1
2024-02-20,OLB,1
2024-02-20,SLS,2
2024-02-20,TGL,1
2024-02-20,WKHS,1
2024-02-20,ZVIA,1
2024-02-21,AGEN,2
2024-02-21,ALPP,1
2024-02-21,ATRA,2
2024-02-21,CHRS,2
2024-02-21,DC,1
2024-02-21,DFLI,1
2024-02-21,DNMR,1
2024-02-21,EBS,1
2024-02-21,FSR,1
2024-02-21,GEVO,2
2024-02-21,HLTH,1
2024-02-21,ICU,2
2024-02-21,KULR,2
2024-02-21,ME,1
2024-02-21,NVOS,1
2024-02-21,OCGN,3
2024-02-21,PEGY,1
2024-02-21,QRTEA,1
2024-02-21,SLS,1
2024-02-21,VWE,1
2024-02-21,WKHS,1
2024-02-21,XXII,1
2024-02-21,ZVIA,1
2024-02-22,BEAT,1
2024-02-22,BIG,3
2024-02-22,CAUD,1
2024-02-22,CHRS,1
2024-02-22,CYN,1
2024-02-22,GEVO,1
2024-02-22,GOEV,2
2024-02-22,IVDA,1
2024-02-22,KULR,2
2024-02-22,LMFA,1
2024-02-22,LRHC,2
2024-02-22,LUMN,1
2024-02-22,NKLA,1
2024-02-22,NOTE,1
2024-02-22,OCEA,1
2024-02-22,OCGN,1
2024-02-22,RIGL,1
2024-02-22,WKHS,1
2024-02-23,BFLY,1
2024-02-23,CAUD,1
2024-02-23,CELU,3
2024-02-23,DNA,1
2024-02-23,GEVO,1
2024-02-23,ICU,4
2024-02-23,KULR,1
2024-02-23,LLAP,1
2024-02-23,OCEA,3
2024-02-23,PEGY,1
2024-02-23,QBTS,1
2024-02-23,TGL,1
2024-02-24,ICU,2
2024-02-24,ME,1
2024-02-24,MULN,1
2024-02-24,OCEA,2
2024-02-25,AKBA,1
2024-02-25,BIG,1
2024-02-25,EFSH,1
2024-02-25,ICU,2
2024-02-25,MIGI,1
2024-02-25,OCEA,3
2024-02-25,OPTN,1
2024-02-25,PHUN,2
2024-02-25,RMTI,1
2024-02-25,TRVI,1
2024-02-25,WISA,1
2024-02-26,AKBA,2
2024-02-26,BCDA,1
2024-02-26,BIG,1
2024-02-26,BIOL,1
2024-02-26,CHRS,1
2024-02-26,DC,1
2024-02-26,EYEN,1
2024-02-26,GERN,1
2024-02-26,GOEV,1
2024-02-26,ICU,2
2024-02-26,KTRA,2
2024-02-26,KULR,4
2024-02-26,MIGI,2
2024-02-26,NUWE,1
2024-02-26,OCEA,3
2024-02-26,OPTN,1
2024-02-26,PED,1
2024-02-26,SABR,1
2024-02-26,SBFM,1
2024-02-26,WKHS,1
2024-02-27,ACON,1
2024-02-27,AULT,1
2024-02-27,BBAI,3
2024-02-27,CHRS,1
2024-02-27,DARE,1
2024-02-27,EYEN,1
2024-02-27,FGEN,1
2024-02-27,FOXO,1
2024-02-27,GOEV,1
2024-02-27,GRTX,1
2024-02-27,ICU,1
2024-02-27,INPX,1
2024-02-27,LMFA,2
2024-02-27,NSTG,1
2024-02-27,OCEA,2
2024-02-27,OCGN,1
2024-02-27,OGEN,1
2024-02-27,PLUG,1
2024-02-27,PRCH,2
2024-02-27,PTPI,1
2024-02-27,REVB,1
2024-02-27,ROI,1
2024-02-27,SOPA,1
2024-02-27,SOUN,2
2024-02-27,WKHS,1
2024-02-28,ACON,1
2024-02-28,AGRX,1
2024-02-28,ATRA,1
2024-02-28,AULT,1
2024-02-28,BCDA,1
2024-02-28,BIG,2
2024-02-28,BKKT,1
2024-02-28,CTMX,1
2024-02-28,ELEV,1
2024-02-28,EVA,1
2024-02-28,EYEN,1
2024-02-28,GEVO,1
2024-02-28,ICU,1
2024-02-28,INUV,3
2024-02-28,JAGX,1
2024-02-28,LMFA,1
2024-02-28,MARK,2
2024-02-28,OBLG,2
2024-02-28,PRST,1
2024-02-28,REAL,1
2024-02-28,SOUN,1
2024-02-28,WULF,1
2024-02-28,XFOR,1
2024-02-29,AGFY,1
2024-02-29,BHIL,1
2024-02-29,COCH,1
2024-02-29,DNMR,1
2024-02-29,EYEN,2
2024-02-29,FSR,1
2024-02-29,ICU,2
2024-02-29,IONM,1
2024-02-29,JAGX,1
2024-02-29,KULR,3
2024-02-29,OCEA,2
2024-02-29,ROI,1
2024-02-29,SOUN,1
2024-03-01,AKBA,1
2024-03-01,BIG,1
2024-03-01,BIOL,1
2024-03-01,CXAI,1
2024-03-01,EBS,1
2024-03-01,FSR,1
2024-03-01,GEVO,1
2024-03-01,GGE,1
2024-03-01,ICU,1
2024-03-01,INPX,1
2024-03-01,KULR,1
2024-03-01,MARK,1
2024-03-01,NUKK,1
2024-03-01,OCEA,1
2024-03-01,OPK,1
2024-03-01,PLUG,1
2024-03-01,REAL,1
2024-03-02,VLCN,1
2024-03-03,AKBA,1
2024-03-03,BCDA,1
2024-03-03,BIG,1
2024-03-03,EVA,1
2024-03-03,EYEN,1
2024-03-03,GERN,1
2024-03-03,LLAP,1
2024-03-03,MIGI,1
2024-03-03,NOTE,1
2024-03-03,NUWE,1
2024-03-03,OPTN,2
2024-03-03,SLS,1
2024-03-03,VYNE,1
2024-03-04,BCDA,1
2024-03-04,COCH,1
2024-03-04,ENVB,1
2024-03-04,EVA,2
2024-03-04,FEMY,1
2024-03-04,HSDT,1
2024-03-04,JAGX,8
2024-03-04,LIFE,1
2024-03-04,LLAP,1
2024-03-04,OCEA,1
2024-03-04,PEGY,1
2024-03-04,SAVE,1
2024-03-04,WTI,1
2024-03-04,WULF,1
2024-03-04,XRTX,1
2024-03-05,CATX,1
2024-03-05,EVA,3
2024-03-05,FUBO,1
2024-03-05,HPCO,2
2024-03-05,HSDT,1
2024-03-05,KULR,1
2024-03-05,ME,1
2024-03-05,OCEA,3
2024-03-05,QTI,1
2024-03-06,AGEN,1
2024-03-06,AIRE,1
2024-03-06,APVO,1
2024-03-06,ATRA,1
2024-03-06,CHRO,2
2024-03-06,CYN,1
2024-03-06,DNA,1
2024-03-06,DNMR,1
2024-03-06,EVA,8
2024-03-06,LODE,1
2024-03-06,MNTS,1
2024-03-06,MOBX,1
2024-03-06,MRAI,1
2024-03-06,OCEA,2
2024-03-06,PEGY,1
2024-03-06,PHGE,1
2024-03-06,SBFM,1
2024-03-06,SLS,1
2024-03-06,VINC,1
2024-03-06,VWE,1
2024-03-06,XRTX,1
2024-03-07,AISP,3
2024-03-07,ATRA,1
2024-03-07,BLUE,1
2024-03-07,CHRO,1
2024-03-07,DNA,1
2024-03-07,DTC,1
2024-03-07,EVA,2
2024-03-07,FFIE,1
2024-03-07,FUBO,1
2024-03-07,JAGX,1
2024-03-07,KULR,2
2024-03-07,OCGN,1
2024-03-07,PBLA,1
2024-03-07,PHGE,1
2024-03-07,PRCH,1
2024-03-07,SBFM,1
2024-03-07,SKYX,1
2024-03-07,TCON,1
2024-03-07,TPET,1
2024-03-07,VLD,3
2024-03-07,VWE,1
2024-03-07,VXRT,1
2024-03-08,ATRA,1
2024-03-08,BHIL,1
2024-03-08,BLUE,1
2024-03-08,DNA,1
2024-03-08,EQ,1
2024-03-08,EVA,5
2024-03-08,GAME,1
2024-03-08,GOEV,2
2024-03-08,JAGX,1
2024-03-08,LLAP,1
2024-03-08,NOTE,1
2024-03-08,OCEA,3
2024-03-08,PHUN,1
2024-03-08,PTPI,1
2024-03-08,SHCR,1
2024-03-08,VLD,4
2024-03-09,EVA,2
2024-03-10,EVA,1
2024-03-10,LMFA,1
2024-03-10,RNAZ,1
2024-03-10,VLD,1
2024-03-11,ATOS,1
2024-03-11,AUUD,1
2024-03-11,BETR,1
2024-03-11,BNED,1
2024-03-11,CHRO,2
2024-03-11,CLNN,1
2024-03-11,DNMR,1
2024-03-11,DTC,1
2024-03-11,EVA,9
2024-03-11,GRI,1
2024-03-11,KULR,1
2024-03-11,LEXX,1
2024-03-11,PIRS,1
2024-03-11,ROI,2
2024-03-11,SGD,4
2024-03-11,STI,4
2024-03-11,VLD,2
2024-03-12,ATHA,2
2024-03-12,ATOS,2
2024-03-12,AULT,1
2024-03-12,AUUD,1
2024-03-12,BCAN,1
2024-03-12,CHRO,1
2024-03-12,CLRO,1
2024-03-12,DM,1
2024-03-12,EVA,13
2024-03-12,ICU,1
2024-03-12,INPX,1
2024-03-12,NRXP,1
2024-03-12,PRSO,1
2024-03-12,SLS,2
2024-03-12,STI,1
2024-03-12,XFOR,1
2024-03-12,XTIA,1
2024-03-13,ATHA,1
2024-03-13,AUUD,1
2024-03-13,BHIL,2
2024-03-13,CHRS,1
2024-03-13,CLNN,1
2024-03-13,CLRO,1
2024-03-13,EVA,8
2024-03-13,HRTX,1
2024-03-13,ICU,1
2024-03-13,IVDA,1
2024-03-13,LIPO,1
2024-03-13,OCEA,1
2024-03-13,OPTN,1
2024-03-13,PRSO,1
2024-03-13,SDOT,1
2024-03-13,SOUN,1
2024-03-13,STI,1
2024-03-13,TCON,1
2024-03-13,VLD,2
2024-03-13,WULF,1
2024-03-14,AGEN,1
2024-03-14,ASRT,1
2024-03-14,BTTX,1
2024-03-14,CHRO,2
2024-03-14,CLOV,1
2024-03-14,CMLS,1
2024-03-14,EVA,2
2024-03-14,FEMY,1
2024-03-14,FGEN,1
2024-03-14,FSR,1
2024-03-14,IDAI,1
2024-03-14,INPX,1
2024-03-14,IONM,1
2024-03-14,KULR,2
2024-03-14,NVTS,1
2024-03-14,PLX,1
2024-03-14,PRSO,1
2024-03-14,PRST,1
2024-03-14,ROI,1
2024-03-14,SOUN,1
2024-03-14,SPRB,1
2024-03-14,TCON,2
2024-03-15,ACON,1
2024-03-15,AKBA,1
2024-03-15,AMPX,1
2024-03-15,AUVI,1
2024-03-15,BBAI,1
2024-03-15,BHIL,1
2024-03-15,CENN,1
2024-03-15,CHRO,1
2024-03-15,EVA,1
2024-03-15,FFIE,2
2024-03-15,FSR,1
2024-03-15,GERN,1
2024-03-15,GOEV,2
2024-03-15,HPCO,1
2024-03-15,HYZN,1
2024-03-15,LIDR,1
2024-03-15,MULN,1
2024-03-15,NKLA,1
2024-03-15,NRXP,1
2024-03-15,OCGN,2
2024-03-15,OPTN,4
2024-03-15,SDOT,1
2024-03-15,SGD,1
2024-03-15,SHOT,1
2024-03-15,SLS,1
2024-03-15,SOUN,1
2024-03-15,VERB,2
2024-03-15,VLCN,1
2024-03-15,VLD,2
2024-03-15,WKHS,1
2024-03-16,AGE,1
2024-03-16,AKBA,1
2024-03-16,LSF,1
2024-03-16,OPTN,1
2024-03-16,PHUN,1
2024-03-16,SGD,2
2024-03-16,VERB,1
2024-03-16,VLD,1
2024-03-17,CEI,1
2024-03-17,CLOV,1
2024-03-17,FAZE,1
2024-03-17,FEMY,1
2024-03-17,GAME,1
2024-03-17,LIDR,1
2024-03-17,PHIO,1
2024-03-18,CHRO,2
2024-03-18,CLRO,1
2024-03-18,FFIE,1
2024-03-18,GERN,1
2024-03-18,JTAI,1
2024-03-18,KULR,2
2024-03-18,ME,1
2024-03-18,MVIS,1
2024-03-18,NRXP,3
2024-03-18,SDOT,1
2024-03-18,SHPH,1
2024-03-18,VERB,3
2024-03-18,VLD,1
2024-03-18,XFOR,1
2024-03-19,AGEN,1
2024-03-19,AKBA,1
2024-03-19,ASTI,1
2024-03-19,ATOS,1
2024-03-19,ATRA,2
2024-03-19,AUUD,1
2024-03-19,BTM,1
2024-03-19,BTTR,1
2024-03-19,CERS,1
2024-03-19,CLRO,1
2024-03-19,CVM,1
2024-03-19,CYN,1
2024-03-19,EVA,1
2024-03-19,GOEV,1
2024-03-19,GWAV,1
2024-03-19,KULR,2
2024-03-19,LSF,1
2024-03-19,MYSZ,1
2024-03-19,OCGN,1
2024-03-19,OTRK,1
2024-03-19,PHUN,1
2024-03-19,PLUG,1
2024-03-19,PYXS,1
2024-03-19,SGD,1
2024-03-19,SLS,1
2024-03-19,SOUN,2
2024-03-19,VERB,1
2024-03-20,AGFY,1
2024-03-20,ATOS,1
2024-03-20,BCAN,1
2024-03-20,BDSX,1
2024-03-20,CHRO,1
2024-03-20,CLRO,1
2024-03-20,EVA,1
2024-03-20,JAGX,1
2024-03-20,KULR,3
2024-03-20,MGRX,1
2024-03-20,MIGI,1
2024-03-20,PHIO,1
2024-03-20,RENB,1
2024-03-20,SLS,1
2024-03-20,TRUG,1
2024-03-20,WORX,1
2024-03-21,ATRA,1
2024-03-21,CATX,1
2024-03-21,CURI,1
2024-03-21,DNA,1
2024-03-21,EFSH,1
2024-03-21,HPCO,1
2024-03-21,JAGX,2
2024-03-21,KULR,3
2024-03-21,MKTW,1
2024-03-21,MYSZ,1
2024-03-21,OCGN,1
2024-03-21,SOAR,1
2024-03-21,TLRY,1
2024-03-21,VLD,2
2024-03-22,ALRN,1
2024-03-22,BACK,1
2024-03-22,BIG,1
2024-03-22,BIOL,1
2024-03-22,BTTR,3
2024-03-22,CHRO,1
2024-03-22,CLRO,1
2024-03-22,CRDF,1
2024-03-22,DNA,1
2024-03-22,ENSC,1
2024-03-22,IDN,1
2024-03-22,IVDA,1
2024-03-22,KRON,1
2024-03-22,KULR,1
2024-03-22,LUCD,1
2024-03-22,NGM,1
2024-03-22,PLUG,1
2024-03-22,PYXS,1
2024-03-22,RENB,1
2024-03-22,UAVS,1
2024-03-22,VLD,1
2024-03-23,AKBA,1
2024-03-23,ATRA,3
2024-03-23,BCAN,2
2024-03-23,BCLI,1
2024-03-23,BIG,1
2024-03-23,EQ,1
2024-03-23,FOXO,1
2024-03-23,KULR,2
2024-03-23,NEPH,2
2024-03-23,PLUG,1
2024-03-23,PLX,1
2024-03-23,SLS,1
2024-03-23,VERB,2
2024-03-23,VLD,1
2024-03-23,WISA,1
2024-03-23,WWR,1
2024-03-24,CLRO,1
2024-03-24,KULR,1
2024-03-24,SGD,2
2024-03-24,VERB,1
2024-03-24,VLD,1
2024-03-24,WWR,1
2024-03-25,AKBA,1
2024-03-25,ATOS,1
2024-03-25,AUUD,4
2024-03-25,AUVI,1
2024-03-25,BIG,2
2024-03-25,BLNK,1
2024-03-25,CEI,1
2024-03-25,ICU,1
2024-03-25,IDEX,1
2024-03-25,JAGX,2
2024-03-25,JEWL,1
2024-03-25,KULR,2
2024-03-25,NCPL,1
2024-03-25,NVTS,1
2024-03-25,RENB,1
2024-03-25,ROI,1
2024-03-25,SINT,1
2024-03-25,SLRX,1
2024-03-25,SMFL,4
2024-03-25,TIVC,1
2024-03-25,VERB,1
2024-03-25,VERU,1
2024-03-26,AKBA,1
2024-03-26,AQMS,1
2024-03-26,BCAN,1
2024-03-26,BHIL,1
2024-03-26,BIG,1
2024-03-26,CING,1
2024-03-26,ENSC,1
2024-03-26,GXAI,1
2024-03-26,JAGX,1
2024-03-26,JEWL,2
2024-03-26,KULR,2
2024-03-26,NGM,1
2024-03-26,NKGN,1
2024-03-26,NKLA,1
2024-03-26,OCGN,1
2024-03-26,SINT,1
2024-03-26,SLS,1
2024-03-26,SMFL,1
2024-03-26,SOUN,1
2024-03-26,TLRY,1
2024-03-26,VERB,1
2024-03-26,VERU,1
2024-03-26,VLCN,1
2024-03-26,VLD,7
2024-03-26,WW,1
2024-03-27,AKBA,1
2024-03-27,AUUD,1
2024-03-27,BLNK,1
2024-03-27,CHRO,1
2024-03-27,EVA,2
2024-03-27,GOEV,1
2024-03-27,GWAV,1
2024-03-27,IBIO,1
2024-03-27,IDAI,1
2024-03-27,JEWL,1
2024-03-27,KTRA,1
2024-03-27,KULR,8
2024-03-27,NRXP,1
2024-03-27,OCGN,1
2024-03-27,PRST,1
2024-03-27,SINT,1
2024-03-27,SOUN,2
2024-03-27,TLRY,1
2024-03-27,VERB,1
2024-03-27,VERU,1
2024-03-27,VLD,3
2024-03-28,AKBA,4
2024-03-28,AWIN,1
2024-03-28,CLRO,1
2024-03-28,DNMR,1
2024-03-28,KULR,2
2024-03-28,LIFE,1
2024-03-28,MNPR,1
2024-03-28,MVST,1
2024-03-28,NSTG,1
2024-03-28,NXL,1
2024-03-28,SINT,1
2024-03-28,SMFL,1
2024-03-28,SST,1
2024-03-28,TLRY,1
2024-03-28,WULF,1
2024-03-28,XLO,1
2024-03-29,JAGX,2
2024-03-29,JOAN,1
2024-03-29,SLS,1
2024-03-30,ATRA,1
2024-03-30,JAGX,1
2024-03-30,MGOL,1
2024-03-30,QBTS,1
2024-03-31,BLUE,1
2024-04-01,AKBA,1
2024-04-01,ATOS,1
2024-04-01,ATRA,1
2024-04-01,AUUD,1
2024-04-01,BCAN,4
2024-04-01,BIG,2
2024-04-01,CING,4
2024-04-01,CRDF,1
2024-04-01,GWAV,2
2024-04-01,GXAI,4
2024-04-01,KULR,4
2024-04-01,MDIA,1
2024-04-01,MVST,2
2024-04-01,NDRA,1
2024-04-01,NGM,1
2024-04-01,OCGN,1
2024-04-01,PRCH,1
2024-04-01,RAPT,1
2024-04-01,SHOT,1
2024-04-01,SLE,1
2024-04-01,VERB,1
2024-04-01,VLCN,4
2024-04-01,VLD,1
2024-04-01,ZPTA,1
2024-04-02,ACOR,1
2024-04-02,FPAY,1
2024-04-02,GPRO,1
2024-04-02,ICU,1
2024-04-02,KULR,9
2024-04-02,LIFW,1
2024-04-02,NXL,1
2024-04-02,OTRK,1
2024-04-02,ROI,1
2024-04-02,SLS,1
2024-04-02,TPET,2
2024-04-02,TWOU,1
2024-04-02,VERU,1
2024-04-02,VLD,2
2024-04-02,WKHS,1
2024-04-03,AKBA,1
2024-04-03,ATRA,1
2024-04-03,BCAN,1
2024-04-03,BIG,1
2024-04-03,CLDI,1
2024-04-03,KTRA,3
2024-04-03,KULR,10
2024-04-03,LIFW,4
2024-04-03,OTRK,1
2024-04-03,TLRY,1
2024-04-03,VERB,1
2024-04-03,XFOR,1
2024-04-04,AUVI,1
2024-04-04,BIG,1
2024-04-04,CATX,1
2024-04-04,GWAV,1
2024-04-04,ICU,1
2024-04-04,KULR,8
2024-04-04,LIFW,1
2024-04-04,MDIA,1
2024-04-04,PIXY,1
2024-04-04,SLNH,1
2024-04-04,SNAL,1
2024-04-04,VERB,1
2024-04-04,VERU,1
2024-04-04,XFOR,1
2024-04-04,YTEN,1
2024-04-05,AKBA,1
2024-04-05,BIG,1
2024-04-05,BRTX,1
2024-04-05,CADL,1
2024-04-05,CHRS,1
2024-04-05,CLRO,1
2024-04-05,ELAB,1
2024-04-05,KULR,5
2024-04-05,NKLA,1
2024-04-05,NKTR,1
2024-04-05,OCGN,1
2024-04-05,OTRK,1
2024-04-05,SHCR,1
2024-04-05,VERU,1
2024-04-05,VLD,1
2024-04-06,BHIL,1
2024-04-06,CLOV,1
2024-04-06,GNLN,1
2024-04-06,KULR,2
2024-04-07,CLNN,1
2024-04-07,RBT,1
2024-04-08,AKBA,1
2024-04-08,BCAN,1
2024-04-08,BENF,2
2024-04-08,CHPT,1
2024-04-08,DNA,1
2024-04-08,IDAI,1
2024-04-08,OCGN,2
2024-04-08,PLUG,1
2024-04-08,PRST,1
2024-04-08,SLS,1
2024-04-08,VERU,1
2024-04-09,CATX,1
2024-04-09,CDTX,1
2024-04-09,FFIE,1
2024-04-09,GNLN,1
2024-04-09,GRYP,1
2024-04-09,KULR,3
2024-04-09,MRIN,1
2024-04-09,NCL,1
2024-04-09,SABS,1
2024-04-09,SHOT,1
2024-04-09,VERB,1
2024-04-09,VLD,1
2024-04-09,VVOS,2
2024-04-09,WISA,1
2024-04-10,BNED,1
2024-04-10,BSFC,1
2024-04-10,CATX,1
2024-04-10,DGLY,1
2024-04-10,IONM,1
2024-04-10,JAGX,5
2024-04-10,KULR,3
2024-04-10,LIFE,1
2024-04-10,MGAM,2
2024-04-10,NCL,1
2024-04-10,OCGN,1
2024-04-10,PIRS,1
2024-04-10,REAL,1
2024-04-10,TOON,1
2024-04-10,TPET,1
2024-04-10,VERU,1
2024-04-10,VLD,1
2024-04-10,VVOS,2
2024-04-10,WKHS,1
2024-04-11,BNED,2
2024-04-11,CHPT,1
2024-04-11,CLRO,1
2024-04-11,CYN,1
2024-04-11,JAGX,2
2024-04-11,KULR,5
2024-04-11,LIFE,1
2024-04-11,MDIA,1
2024-04-11,SNES,1
2024-04-11,TOON,2
2024-04-11,VERU,5
2024-04-11,WKHS,1
2024-04-11,XFOR,1
2024-04-12,AREB,1
2024-04-12,ASXC,1
2024-04-12,BLNK,1
2024-04-12,BSFC,1
2024-04-12,BSGM,2
2024-04-12,CUTR,3
2024-04-12,ICU,1
2024-04-12,JAGX,1
2024-04-12,KULR,3
2024-04-12,OCEA,1
2024-04-12,OCGN,1
2024-04-12,ROI,2
2024-04-12,TOON,2
2024-04-12,TPET,2
2024-04-12,VERU,1
2024-04-12,WISA,1
2024-04-13,CISO,1
2024-04-13,CLRO,1
2024-04-13,DNA,1
2024-04-13,ICU,1
2024-04-13,KULR,5
2024-04-13,TOON,1
2024-04-13,TUP,1
2024-04-14,ASST,1
2024-04-14,BBAI,1
2024-04-14,CXAI,1
2024-04-14,FUBO,1
2024-04-14,KULR,1
2024-04-14,PRST,1
2024-04-14,RENT,1
2024-04-14,RGTI,1
2024-04-14,RR,1
2024-04-14,TELL,1
2024-04-14,TPET,2
2024-04-15,CUTR,1
2024-04-15,ENSV,1
2024-04-15,EVA,1
2024-04-15,FAZE,1
2024-04-15,GAME,1
2024-04-15,GNLN,1
2024-04-15,HGAS,1
2024-04-15,ICU,1
2024-04-15,KULR,4
2024-04-15,ME,1
2024-04-15,OCTO,1
2024-04-15,SNGX,1
2024-04-15,TPET,3
2024-04-15,WISA,2
2024-04-16,AENT,1
2024-04-16,ATOS,1
2024-04-16,BNED,3
2024-04-16,CUTR,2
2024-04-16,CXAI,1
2024-04-16,ENSV,1
2024-04-16,GAME,1
2024-04-16,JAGX,2
2024-04-16,KULR,3
2024-04-16,NOTE,2
2024-04-16,OCTO,2
2024-04-16,RANI,1
2024-04-16,TPET,3
2024-04-16,WULF,1
2024-04-16,XFOR,1
2024-04-17,ASTI,1
2024-04-17,BIOL,1
2024-04-17,CEI,1
2024-04-17,DTC,1
2024-04-17,GRTX,1
2024-04-17,JAGX,3
2024-04-17,KULR,1
2024-04-17,MNTS,1
2024-04-17,OCGN,3
2024-04-17,OPK,1
2024-04-17,SKYX,1
2024-04-17,TPET,1
2024-04-17,WISA,1
2024-04-18,CUTR,1
2024-04-18,KULR,2
2024-04-18,ME,1
2024-04-18,OCGN,1
2024-04-18,ROI,1
2024-04-18,SBFM,2
2024-04-18,SPCE,1
2024-04-18,TPET,1
2024-04-18,VLD,1
2024-04-19,AULT,1
2024-04-19,BBAI,1
2024-04-19,CATX,1
2024-04-19,JAGX,1
2024-04-19,KULR,1
2024-04-19,MBRX,1
2024-04-19,OCGN,1
2024-04-19,SBFM,1
2024-04-19,SLS,1
2024-04-19,SPCE,2
2024-04-20,CATX,1
2024-04-20,CSLR,1
2024-04-20,KULR,1
2024-04-20,OLB,1
2024-04-21,CSLR,1
2024-04-21,KULR,1
2024-04-21,NOTE,1
2024-04-21,TGL,1
2024-04-21,TVGN,1
2024-04-22,AKBA,1
2024-04-22,AULT,1
2024-04-22,BW,1
2024-04-22,CHRS,1
2024-04-22,CSLR,2
2024-04-22,EAST,1
2024-04-22,EQ,1
2024-04-22,FGEN,1
2024-04-22,GAME,1
2024-04-22,HEPA,1
2024-04-22,PIXY,1
2024-04-22,SLS,1
2024-04-22,SMFL,1
2024-04-22,VAXX,1
2024-04-22,XFOR,1
2024-04-23,AMST,1
2024-04-23,AULT,1
2024-04-23,CTXR,1
2024-04-23,GWAV,1
2024-04-23,KULR,2
2024-04-23,MIGI,1
2024-04-23,ONFO,1
2024-04-23,ROI,1
2024-04-23,SLS,1
2024-04-23,VLCN,1
2024-04-23,XFOR,1
2024-04-24,AIRE,1
2024-04-24,AMST,1
2024-04-24,AZTR,1
2024-04-24,BEAT,1
2024-04-24,CATX,1
2024-04-24,CRVS,1
2024-04-24,CSSE,2
2024-04-24,EVGO,1
2024-04-24,FATE,1
2024-04-24,KULR,2
2024-04-24,LCTX,1
2024-04-24,MVST,1
2024-04-24,NOTE,1
2024-04-24,OCGN,1
2024-04-24,PHIO,1
2024-04-24,RCAT,1
2024-04-24,SOPA,1
2024-04-24,VLCN,1
2024-04-24,XFOR,2
2024-04-25,ACON,1
2024-04-25,AIRE,1
2024-04-25,AMST,1
2024-04-25,ASTI,1
2024-04-25,BATL,1
2024-04-25,BBAI,1
2024-04-25,BCG,1
2024-04-25,BIG,1
2024-04-25,BRFH,1
2024-04-25,CSSE,1
2024-04-25,EYEN,1
2024-04-25,FGEN,1
2024-04-25,JAGX,1
2024-04-25,MOVE,1
2024-04-25,NKLA,1
2024-04-25,RCAT,1
2024-04-25,RNAZ,1
2024-04-25,ROI,1
2024-04-25,SBFM,1
2024-04-25,SGD,1
2024-04-25,VERB,2
2024-04-26,JAGX,1
2024-04-26,KULR,3
2024-04-26,MVST,1
2024-04-26,NRXP,1
2024-04-26,OPK,1
2024-04-26,PEGY,2
2024-04-26,SKYX,1
2024-04-26,TLRY,1
2024-04-26,TPET,1
2024-04-26,TPIC,1
2024-04-26,XFOR,1
2024-04-26,XXII,1
2024-04-27,ENSV,1
2024-04-27,EVA,1
2024-04-27,PEGY,1
2024-04-28,DM,1
2024-04-28,GWAV,1
2024-04-28,JAGX,1
2024-04-28,SLDP,1
2024-04-29,CATX,1
2024-04-29,CAUD,1
2024-04-29,CSLR,1
2024-04-29,ELAB,1
2024-04-29,EVA,1
2024-04-29,FCUV,1
2024-04-29,GWAV,2
2024-04-29,IGC,1
2024-04-29,JAGX,1
2024-04-29,KULR,2
2024-04-29,SINT,1
2024-04-29,SLS,1
2024-04-29,XFOR,1
2024-04-30,CAUD,1
2024-04-30,FFIE,1
2024-04-30,HTCR,1
2024-04-30,JAGX,1
2024-04-30,SCPX,1
2024-04-30,SINT,1
2024-04-30,SOUN,1
2024-05-01,IGC,1
2024-05-01,KULR,1
2024-05-01,LL,1
2024-05-01,LUMO,1
2024-05-01,OCGN,1
2024-05-01,SLS,1
2024-05-01,SOPA,1
2024-05-01,SOUN,1
2024-05-01,TPET,1
2024-05-02,BNED,1
2024-05-02,EBS,1
2024-05-02,EVGO,1
2024-05-02,ICU,1
2024-05-02,JAGX,1
2024-05-02,KULR,2
2024-05-02,MVST,1
2024-05-02,OCGN,2
2024-05-02,SGD,1
2024-05-02,SYRA,1
2024-05-02,TPET,1
2024-05-02,TWOU,1
2024-05-02,VERB,1
2024-05-02,VLD,1
2024-05-03,ALLR,1
2024-05-03,BBAI,1
2024-05-03,BENF,1
2024-05-03,FEMY,1
2024-05-03,FRGE,1
2024-05-03,JAGX,2
2024-05-03,RNAZ,2
2024-05-03,VERB,2
2024-05-04,GRTS,2
2024-05-04,ORGN,1
2024-05-04,SRFM,1
2024-05-05,DGLY,2
2024-05-05,SGBX,1
2024-05-06,AMPX,1
2024-05-06,BLUE,1
2024-05-06,CIA,1
2024-05-06,CSSE,1
2024-05-06,DNA,1
2024-05-06,EAST,1
2024-05-06,FGEN,1
2024-05-06,JAGX,1
2024-05-06,KULR,2
2024-05-06,OCGN,1
2024-05-06,SPCE,1
2024-05-07,CUTR,1
2024-05-07,DATS,2
2024-05-07,FGEN,1
2024-05-07,JAGX,1
2024-05-07,NRXP,1
2024-05-07,NUWE,1
2024-05-07,OLB,1
2024-05-07,ORGN,1
2024-05-07,PRTS,1
2024-05-07,VVOS,1
2024-05-07,XBP,1
2024-05-07,ZPTA,1
2024-05-08,AKBA,1
2024-05-08,ENVB,1
2024-05-08,FFIE,1
2024-05-08,LAZR,1
2024-05-08,NUWE,1
2024-05-08,NUZE,1
2024-05-08,OCGN,1
2024-05-08,OGEN,1
2024-05-08,PHUN,1
2024-05-08,RNAZ,1
2024-05-08,VLD,1
2024-05-09,ASTI,1
2024-05-09,DNA,1
2024-05-09,DTC,1
2024-05-09,GWAV,2
2024-05-09,JAGX,2
2024-05-09,KULR,1
2024-05-09,MDAI,1
2024-05-09,MVST,1
2024-05-09,NRXP,1
2024-05-09,QSI,1
2024-05-09,RNAZ,1
2024-05-09,SAVE,1
2024-05-09,WAVD,1
2024-05-10,GWAV,1
2024-05-10,KULR,2
2024-05-10,RENB,1
2024-05-10,SKYX,1
2024-05-11,KULR,1
2024-05-11,MSN,1
2024-05-12,ENSC,1
2024-05-12,LIDR,1
2024-05-12,MGAM,1
2024-05-12,SBFM,1
2024-05-13,CEI,1
2024-05-13,CIA,1
2024-05-13,ENSC,1
2024-05-13,EVA,1
2024-05-13,FFIE,1
2024-05-13,HSCS,1
2024-05-13,KULR,1
2024-05-13,SPWR,2
2024-05-13,TOVX,1
2024-05-14,BIG,1
2024-05-14,BNED,1
2024-05-14,CDIO,1
2024-05-14,CLOV,2
2024-05-14,CUTR,1
2024-05-14,ENSC,1
2024-05-14,EVA,2
2024-05-14,FEMY,1
2024-05-14,FFIE,12
2024-05-14,GWAV,1
2024-05-14,HYPR,1
2024-05-14,KULR,2
2024-05-14,LPTV,1
2024-05-14,NRXP,1
2024-05-14,PZG,1
2024-05-14,SAVE,1
2024-05-14,SKIN,1
2024-05-14,SNGX,1
2024-05-14,SPCE,1
2024-05-15,AMPX,1
2024-05-15,ASTI,1
2024-05-15,BBAI,1
2024-05-15,BIG,1
2024-05-15,BSFC,1
2024-05-15,CETX,1
2024-05-15,CLOV,1
2024-05-15,CUTR,1
2024-05-15,CYN,2
2024-05-15,ENSC,1
2024-05-15,EVA,1
2024-05-15,FFIE,16
2024-05-15,GWAV,1
2024-05-15,JVA,1
2024-05-15,KULR,1
2024-05-15,OCGN,1
2024-05-15,PEGY,2
2024-05-15,PLUG,1
2024-05-15,REBN,1
2024-05-15,SINT,3
2024-05-16,ASTI,1
2024-05-16,BCAN,2
2024-05-16,CRKN,10
2024-05-16,CYN,2
2024-05-16,DC,1
2024-05-16,FFIE,28
2024-05-16,GAME,2
2024-05-16,GWAV,6
2024-05-16,HSCS,1
2024-05-16,IDEX,1
2024-05-16,ISUN,1
2024-05-16,JAGX,2
2024-05-16,MVIS,1
2024-05-16,NRXP,1
2024-05-16,ONCO,1
2024-05-16,SCPX,1
2024-05-16,SYRA,1
2024-05-16,VERB,1
2024-05-16,VERU,1
2024-05-17,ASTI,1
2024-05-17,BACK,2
2024-05-17,BBAI,1
2024-05-17,BCAN,2
2024-05-17,BNED,1
2024-05-17,BSFC,5
2024-05-17,BTAI,1
2024-05-17,CETX,1
2024-05-17,CRKN,21
2024-05-17,CYN,2
2024-05-17,DM,1
2024-05-17,FFIE,74
2024-05-17,GAME,1
2024-05-17,GWAV,11
2024-05-17,HYZN,1
2024-05-17,ICU,1
2024-05-17,JAGX,1
2024-05-17,KTRA,1
2024-05-17,LYRA,1
2024-05-17,ME,1
2024-05-17,OCEA,1
2024-05-17,OCGN,1
2024-05-17,PEGY,1
2024-05-17,REBN,1
2024-05-17,SINT,1
2024-05-17,SLS,1
2024-05-17,TLRY,2
2024-05-17,VANI,1
2024-05-18,ALLR,1
2024-05-18,CRKN,3
2024-05-18,CSLR,1
2024-05-18,CTNT,2
2024-05-18,CYN,1
2024-05-18,FFIE,13
2024-05-18,GWAV,2
2024-05-18,KTRA,1
2024-05-18,LODE,1
2024-05-18,MVIS,1
2024-05-18,NKGN,1
2024-05-18,ONCO,2
2024-05-18,PRST,1
2024-05-18,SISI,1
2024-05-18,TNXP,1
2024-05-18,VERB,2
2024-05-18,VERU,1
2024-05-18,WKHS,1
2024-05-19,CRKN,3
2024-05-19,FFIE,6
2024-05-19,GGE,1
2024-05-19,GWAV,8
2024-05-19,JAGX,1
2024-05-19,MULN,1
2024-05-19,SBFM,1
2024-05-19,SINT,2
2024-05-20,AEMD,2
2024-05-20,AKTS,1
2024-05-20,BCAN,2
2024-05-20,BNED,2
2024-05-20,BURU,1
2024-05-20,COEP,1
2024-05-20,CRKN,4
2024-05-20,CTSO,1
2024-05-20,CYN,1
2024-05-20,ENSC,1
2024-05-20,FFIE,15
2024-05-20,GTBP,1
2024-05-20,GWAV,4
2024-05-20,HLTH,1
2024-05-20,IPW,1
2024-05-20,JAGX,1
2024-05-20,KULR,2
2024-05-20,ME,1
2024-05-20,MMAT,1
2024-05-20,MVST,1
2024-05-20,NKGN,1
2024-05-20,NUKK,1
2024-05-20,PEGY,2
2024-05-20,PET,1
2024-05-20,PHGE,1
2024-05-20,REBN,1
2024-05-20,RSLS,1
2024-05-20,SBFM,1
2024-05-20,SNGX,1
2024-05-20,TUP,1
2024-05-20,WISA,1
2024-05-20,WWR,1
2024-05-21,AKTS,1
2024-05-21,AULT,1
2024-05-21,BCAB,1
2024-05-21,BNED,5
2024-05-21,CARM,1
2024-05-21,CRKN,3
2024-05-21,CTNT,1
2024-05-21,CTXR,3
2024-05-21,CYCC,1
2024-05-21,CYN,1
2024-05-21,DRRX,1
2024-05-21,ERAS,1
2024-05-21,FFIE,11
2024-05-21,FNCH,1
2024-05-21,GTBP,1
2024-05-21,GWAV,8
2024-05-21,INAB,1
2024-05-21,IOBT,1
2024-05-21,KRON,1
2024-05-21,KSCP,1
2024-05-21,MBIO,1
2024-05-21,MGOL,4
2024-05-21,MGRX,2
2024-05-21,MNOV,1
2024-05-21,NVTS,1
2024-05-21,NXTC,1
2024-05-21,RNAC,1
2024-05-21,RNAZ,1
2024-05-21,ROI,1
2024-05-21,SBFM,1
2024-05-21,SINT,1
2024-05-21,SNSE,1
2024-05-21,SPRB,1
2024-05-21,TARA,1
2024-05-21,TUP,1
2024-05-21,UONE,1
2024-05-22,AEMD,1
2024-05-22,AKTS,9
2024-05-22,AP,1
2024-05-22,ASTI,1
2024-05-22,ATHA,1
2024-05-22,AULT,1
2024-05-22,BIG,1
2024-05-22,BNED,14
2024-05-22,BNZI,1
2024-05-22,BSFC,1
2024-05-22,BZFD,2
2024-05-22,CCO,1
2024-05-22,CEI,1
2024-05-22,CPIX,1
2024-05-22,CRKN,6
2024-05-22,CSLR,2
2024-05-22,CSSE,2
2024-05-22,DRRX,1
2024-05-22,FCEL,3
2024-05-22,FFIE,18
2024-05-22,GWAV,16
2024-05-22,KOPN,1
2024-05-22,KSCP,1
2024-05-22,KULR,3
2024-05-22,LUCY,1
2024-05-22,LYRA,1
2024-05-22,MBIO,2
2024-05-22,MGLD,1
2024-05-22,MGOL,4
2024-05-22,MGRX,1
2024-05-22,MMAT,1
2024-05-22,NKLA,1
2024-05-22,QUBT,1
2024-05-22,RSLS,1
2024-05-22,SCPX,1
2024-05-22,SINT,1
2024-05-22,SPWR,4
2024-05-22,TARA,1
2024-05-22,VRME,1
2024-05-22,XFOR,1
2024-05-23,AKTS,3
2024-05-23,ALGS,1
2024-05-23,AQMS,1
2024-05-23,ASTI,1
2024-05-23,BNED,1
2024-05-23,CTNT,3
2024-05-23,CYN,1
2024-05-23,DARE,1
2024-05-23,DNA,1
2024-05-23,FCEL,1
2024-05-23,FFIE,4
2024-05-23,GDC,3
2024-05-23,ISPC,1
2024-05-23,JAGX,2
2024-05-23,KULR,2
2024-05-23,LPSN,2
2024-05-23,MVST,1
2024-05-23,NBY,1
2024-05-23,ONMD,1
2024-05-23,PEGY,8
2024-05-23,PIII,2
2024-05-23,RNAZ,1
2024-05-23,SCPX,2
2024-05-23,SINT,1
2024-05-23,SPCE,1
2024-05-23,SPWR,1
2024-05-23,TNXP,1
2024-05-23,TUP,1
2024-05-24,ABVC,2
2024-05-24,AKTS,1
2024-05-24,BNZI,1
2024-05-24,BURU,3
2024-05-24,CDT,1
2024-05-24,CEI,1
2024-05-24,CTNT,2
2024-05-24,DM,2
2024-05-24,FFIE,1
2024-05-24,GDC,1
2024-05-24,HSCS,1
2024-05-24,JAGX,1
2024-05-24,KULR,1
2024-05-24,LUCY,4
2024-05-24,LUXH,1
2024-05-24,ME,1
2024-05-24,MGOL,1
2024-05-24,NCPL,1
2024-05-24,ONCO,1
2024-05-24,ONMD,2
2024-05-24,PEGY,3
2024-05-24,ROI,1
2024-05-24,SISI,1
2024-05-24,SMFL,1
2024-05-24,SPWR,1
2024-05-24,VIRI,1
2024-05-25,BIG,1
2024-05-25,MGRX,1
2024-05-25,NDRA,1
2024-05-25,OPTT,1
2024-05-25,PEGY,1
2024-05-26,CTMX,1
2024-05-26,FGEN,1
2024-05-26,LUCY,1
2024-05-26,PEGY,1
2024-05-26,SKYX,1
2024-05-27,FFIE,1
2024-05-27,PLUG,1
2024-05-28,BIOR,1
2024-05-28,BSFC,1
2024-05-28,BURU,2
2024-05-28,CBAT,1
2024-05-28,CETX,1
2024-05-28,CLIR,1
2024-05-28,FOXO,1
2024-05-28,FREY,1
2024-05-28,HLTH,1
2024-05-28,IPW,1
2024-05-28,KTRA,1
2024-05-28,LIDR,1
2024-05-28,MINM,1
2024-05-28,MPLN,1
2024-05-28,NMHI,1
2024-05-28,OBLG,1
2024-05-28,ONCO,1
2024-05-28,OPTT,3
2024-05-28,PEGY,3
2024-05-28,PLUG,1
2024-05-28,POAI,1
2024-05-28,RSLS,3
2024-05-28,RZLT,1
2024-05-28,SPWR,1
2024-05-28,STRC,1
2024-05-28,STSS,1
2024-05-28,TRVN,1
2024-05-29,ABIO,1
2024-05-29,AKTS,1
2024-05-29,AP,1
2024-05-29,AQMS,1
2024-05-29,BNED,1
2024-05-29,BNZI,3
2024-05-29,BURU,6
2024-05-29,CRKN,1
2024-05-29,DM,1
2024-05-29,FFIE,2
2024-05-29,GMGI,1
2024-05-29,IKNA,1
2024-05-29,KTRA,2
2024-05-29,KULR,1
2024-05-29,LPSN,1
2024-05-29,LUCY,1
2024-05-29,MBIO,2
2024-05-29,ME,1
2024-05-29,MIMO,1
2024-05-29,NKGN,1
2024-05-29,NMHI,3
2024-05-29,NXU,1
2024-05-29,OPTT,2
2024-05-29,PEGY,2
2024-05-29,QBTS,1
2024-05-29,RNXT,1
2024-05-29,RSLS,4
2024-05-29,SCPX,3
2024-05-29,SINT,1
2024-05-29,SMFL,2
2024-05-29,STSS,1
2024-05-29,TELL,1
2024-05-29,VERB,1
2024-05-29,VTYX,1
2024-05-29,WISA,1
2024-05-30,ALLR,1
2024-05-30,ATHA,1
2024-05-30,BNZI,1
2024-05-30,BURU,1
2024-05-30,CLNN,1
2024-05-30,DARE,1
2024-05-30,FFIE,2
2024-05-30,GRTX,1
2024-05-30,HLTH,1
2024-05-30,KULR,2
2024-05-30,LPSN,1
2024-05-30,LUCY,1
2024-05-30,MMAT,1
2024-05-30,MNTS,4
2024-05-30,NMHI,1
2024-05-30,NVOS,1
2024-05-30,PEGY,2
2024-05-30,REBN,1
2024-05-30,SMFL,2
2024-05-31,ABIO,1
2024-05-31,AEMD,1
2024-05-31,AMPX,1
2024-05-31,BIG,1
2024-05-31,BNZI,2
2024-05-31,BURU,2
2024-05-31,CYN,1
2024-05-31,FFIE,1
2024-05-31,FOXO,1
2024-05-31,GNPX,1
2024-05-31,KULR,1
2024-05-31,MVST,1
2024-05-31,NMHI,2
2024-05-31,OPTT,1
2024-05-31,PRST,1
2024-05-31,SHCR,1
2024-05-31,SRFM,1
2024-05-31,STSS,1
2024-05-31,XELA,1
2024-05-31,XTIA,1
2024-06-01,BURU,1
2024-06-01,LIFE,1
2024-06-01,NVOS,1
2024-06-01,STSS,1
2024-06-01,UONE,1
2024-06-02,FFIE,1
2024-06-02,MNTS,1
2024-06-02,SPCE,1
2024-06-02,TPET,1
2024-06-02,VERB,1
2024-06-03,ALBT,1
2024-06-03,BNAI,1
2024-06-03,BURU,1
2024-06-03,CYN,1
2024-06-03,ENG,1
2024-06-03,FGEN,2
2024-06-03,GRTX,1
2024-06-03,IONM,1
2024-06-03,PFIE,1
2024-06-03,RNXT,3
2024-06-03,SPWR,1
2024-06-04,AEI,1
2024-06-04,ASNS,1
2024-06-04,AULT,1
2024-06-04,BIG,1
2024-06-04,BJDX,2
2024-06-04,BNGO,1
2024-06-04,BNZI,1
2024-06-04,BURU,3
2024-06-04,DTC,1
2024-06-04,FFIE,1
2024-06-04,FGEN,1
2024-06-04,GRTX,1
2024-06-04,LODE,1
2024-06-04,NDRA,1
2024-06-04,PEGY,1
2024-06-04,PRST,1
2024-06-04,QMCO,1
2024-06-04,SCPX,2
2024-06-04,TELL,2
2024-06-05,ADIL,1
2024-06-05,AEMD,1
2024-06-05,ASNS,5
2024-06-05,ATNM,1
2024-06-05,BARK,1
2024-06-05,BGXX,1
2024-06-05,CHPT,1
2024-06-05,CRKN,1
2024-06-05,DTC,1
2024-06-05,EQ,1
2024-06-05,FFIE,2
2024-06-05,GAME,1
2024-06-05,GRTX,1
2024-06-05,HLTH,1
2024-06-05,ICU,1
2024-06-05,KITT,2
2024-06-05,LQR,1
2024-06-05,LUCY,1
2024-06-05,MIGI,1
2024-06-05,MITQ,2
2024-06-05,MOBX,1
2024-06-05,NDRA,6
2024-06-05,NUKK,1
2024-06-05,NVOS,1
2024-06-05,NVVE,1
2024-06-05,OPTT,1
2024-06-05,PHGE,1
2024-06-05,PRST,1
2024-06-05,RNXT,1
2024-06-05,SSY,1
2024-06-05,STSS,1
2024-06-05,TELL,2
2024-06-05,VERB,1
2024-06-05,VTAK,2
2024-06-06,AEMD,4
2024-06-06,ALBT,1
2024-06-06,APDN,1
2024-06-06,ASNS,1
2024-06-06,BCAN,1
2024-06-06,BIG,1
2024-06-06,BNED,1
2024-06-06,BNZI,1
2024-06-06,BURU,2
2024-06-06,CLNN,2
2024-06-06,CLOV,1
2024-06-06,DNMR,1
2024-06-06,FFIE,1
2024-06-06,GWAV,1
2024-06-06,ICU,1
2024-06-06,ISPC,1
2024-06-06,KITT,1
2024-06-06,NCPL,1
2024-06-06,PHGE,1
2024-06-06,PRST,1
2024-06-06,RENB,1
2024-06-06,SBEV,1
2024-06-06,SBFM,1
2024-06-06,SLS,1
2024-06-06,SPWR,1
2024-06-06,TELL,1
2024-06-06,WAVD,1
2024-06-06,WRAP,1
2024-06-07,ABIO,1
2024-06-07,ATHA,1
2024-06-07,BBAI,1
2024-06-07,BSFC,1
2024-06-07,BURU,1
2024-06-07,CLOV,1
2024-06-07,DNA,1
2024-06-07,DRRX,1
2024-06-07,EDIT,1
2024-06-07,GERN,1
2024-06-07,GROV,1
2024-06-07,INAB,1
2024-06-07,INDP,1
2024-06-07,KULR,3
2024-06-07,MBRX,1
2024-06-07,OCUP,1
2024-06-07,OPTT,1
2024-06-07,PRST,1
2024-06-07,RNXT,1
2024-06-07,STTK,1
2024-06-07,TNXP,1
2024-06-08,CHPT,1
2024-06-08,FFIE,1
2024-06-08,SBFM,1
2024-06-08,XPON,1
2024-06-09,ALLR,1
2024-06-09,GROV,1
2024-06-09,HSCS,1
2024-06-09,MCRB,1
2024-06-09,SKYX,1
2024-06-10,BNED,2
2024-06-10,BURU,2
2024-06-10,CTM,1
2024-06-10,FFIE,2
2024-06-10,IMMX,1
2024-06-10,KULR,1
2024-06-10,PEGY,1
2024-06-10,PL,1
2024-06-10,PRST,1
2024-06-10,RNXT,1
2024-06-10,SISI,1
2024-06-10,SPEC,1
2024-06-10,TELL,1
2024-06-11,ALGS,1
2024-06-11,AP,1
2024-06-11,BURU,1
2024-06-11,CEI,1
2024-06-11,CRKN,1
2024-06-11,CTM,1
2024-06-11,DNA,1
2024-06-11,EFSH,1
2024-06-11,GETR,1
2024-06-11,GOSS,1
2024-06-11,GSAT,1
2024-06-11,JAN,1
2024-06-11,KITT,2
2024-06-11,LUXH,1
2024-06-11,LYRA,1
2024-06-11,MBIO,1
2024-06-11,NRXP,1
2024-06-11,OPTT,1
2024-06-11,RNXT,1
2024-06-11,RPHM,1
2024-06-11,SCLX,1
2024-06-11,SRFM,1
2024-06-11,TELL,1
2024-06-11,TPET,1
2024-06-12,AENT,1
2024-06-12,AISP,1
2024-06-12,AULT,1
2024-06-12,BLUE,1
2024-06-12,BURU,1
2024-06-12,CRKN,1
2024-06-12,CTM,1
2024-06-12,CURI,1
2024-06-12,CYN,1
2024-06-12,ESPR,1
2024-06-12,FRZA,1
2024-06-12,KITT,2
2024-06-12,KULR,1
2024-06-12,LUXH,1
2024-06-12,PRST,1
2024-06-12,RGTI,1
2024-06-12,RNXT,2
2024-06-12,SPCE,1
2024-06-12,TPET,2
2024-06-13,AEMD,3
2024-06-13,BACK,1
2024-06-13,BRTX,1
2024-06-13,BSFC,1
2024-06-13,BURU,1
2024-06-13,FCEL,1
2024-06-13,FFIE,2
2024-06-13,GOEV,1
2024-06-13,INVO,1
2024-06-13,KULR,1
2024-06-13,LGVN,3
2024-06-13,MODD,1
2024-06-13,MOVE,1
2024-06-13,NAYA,1
2024-06-13,NDRA,1
2024-06-13,RBOT,1
2024-06-13,RGTI,1
2024-06-13,RNXT,1
2024-06-13,ROI,1
2024-06-13,SNGX,1
2024-06-13,SPCE,1
2024-06-13,STSS,1
2024-06-14,AEMD,5
2024-06-14,BPTH,1
2024-06-14,CERO,1
2024-06-14,CHGG,1
2024-06-14,FFIE,2
2024-06-14,FOXO,1
2024-06-14,KULR,1
2024-06-14,LGVN,1
2024-06-14,ROI,1
2024-06-14,SNGX,1
2024-06-14,VXRT,1
2024-06-15,AEMD,1
2024-06-15,ATOS,1
2024-06-15,FFIE,1
2024-06-15,GWAV,1
2024-06-15,SDOT,1
2024-06-16,AMLX,1
2024-06-16,PET,1
2024-06-16,SHOT,1
2024-06-16,TNXP,1
2024-06-16,WWR,1
2024-06-17,AEMD,2
2024-06-17,AQMS,1
2024-06-17,BRFH,1
2024-06-17,CLOV,1
2024-06-17,CTNT,1
2024-06-17,KAVL,2
2024-06-17,MBIO,4
2024-06-17,QMCO,1
2024-06-17,RNXT,1
2024-06-17,TRNR,1
2024-06-17,UONE,2
2024-06-17,VERO,2
2024-06-17,WKHS,1
2024-06-18,AEMD,1
2024-06-18,AMIX,1
2024-06-18,ASNS,1
2024-06-18,BCDA,1
2024-06-18,CHRS,1
2024-06-18,CLOV,1
2024-06-18,CMTL,1
2024-06-18,DBGI,1
2024-06-18,DNA,1
2024-06-18,EGIO,1
2024-06-18,FCEL,1
2024-06-18,MBIO,2
2024-06-18,RELI,1
2024-06-18,RNXT,2
2024-06-18,SMFL,1
2024-06-18,SNOA,1
2024-06-18,UONE,1
2024-06-19,ASTI,1
2024-06-19,ATOS,1
2024-06-19,EFSH,1
2024-06-19,KULR,2
2024-06-19,LRHC,1
2024-06-19,NDRA,1
2024-06-20,ALUR,1
2024-06-20,AMIX,1
2024-06-20,AP,1
2024-06-20,BCG,1
2024-06-20,BIG,1
2024-06-20,GOVX,2
2024-06-20,GRDI,1
2024-06-20,KULR,1
2024-06-20,MBIO,1
2024-06-20,ME,1
2024-06-20,MGOL,1
2024-06-20,MIMO,1
2024-06-20,PRST,1
2024-06-20,RELI,1
2024-06-20,RNXT,1
2024-06-20,SLS,1
2024-06-20,TTOO,1
2024-06-21,ASTI,1
2024-06-21,AULT,1
2024-06-21,CLOV,1
2024-06-21,FGEN,1
2024-06-21,MBIO,1
2024-06-21,MVIS,1
2024-06-21,OCUP,1
2024-06-21,QMCO,1
2024-06-21,TNXP,1
2024-06-23,BLUE,1
2024-06-23,VTAK,1
2024-06-24,ASTI,1
2024-06-24,BJDX,1
2024-06-24,BLNK,1
2024-06-24,BLUE,1
2024-06-24,CLOV,1
2024-06-24,CTM,1
2024-06-24,DARE,1
2024-06-24,KULR,1
2024-06-24,MBIO,1
2024-06-24,MVIS,1
2024-06-24,OPK,1
2024-06-24,OPTT,1
2024-06-24,REVB,1
2024-06-24,TPHS,1
2024-06-24,TTNP,1
2024-06-25,AMIX,1
2024-06-25,ATHA,1
2024-06-25,BIG,1
2024-06-25,BLNK,1
2024-06-25,BURU,3
2024-06-25,CETX,2
2024-06-25,CHPT,1
2024-06-25,EVGO,1
2024-06-25,FCEL,1
2024-06-25,KULR,1
2024-06-25,LIQT,1
2024-06-25,LRHC,1
2024-06-25,MBIO,3
2024-06-25,NDRA,1
2024-06-25,TNXP,1
2024-06-25,TOON,2
2024-06-25,VLCN,3
2024-06-26,AIEV,1
2024-06-26,ALLR,1
2024-06-26,AMIX,1
2024-06-26,BIG,1
2024-06-26,GRI,1
2024-06-26,KITT,2
2024-06-26,MAIA,1
2024-06-26,NDRA,1
2024-06-26,OPTT,3
2024-06-26,RNXT,1
2024-06-26,SKYX,1
2024-06-26,SOAR,1
2024-06-26,VLD,1
2024-06-26,VTAK,1
2024-06-26,XBP,1
2024-06-27,AEMD,1
2024-06-27,AKTS,1
2024-06-27,ALLR,1
2024-06-27,AREB,1
2024-06-27,BACK,1
2024-06-27,BIG,1
2024-06-27,CYCC,1
2024-06-27,CYN,2
2024-06-27,FFIE,2
2024-06-27,IONM,1
2024-06-27,KULR,1
2024-06-27,LUCY,1
2024-06-27,MBIO,1
2024-06-27,MIMO,1
2024-06-27,OPTT,1
2024-06-27,ROI,1
2024-06-27,SOBR,1
2024-06-27,SPEC,1
2024-06-27,SPWR,1
2024-06-27,TIVC,1
2024-06-27,VINC,1
2024-06-27,XELA,1
2024-06-27,ZPTA,1
2024-06-28,ASNS,1
2024-06-28,ATOS,1
2024-06-28,BIG,1
2024-06-28,COSM,2
2024-06-28,EVGO,1
2024-06-28,FFIE,1
2024-06-28,FGEN,1
2024-06-28,KAVL,1
2024-06-28,MDAI,1
2024-06-28,OPTT,1
2024-06-28,RNXT,1
2024-06-28,TELL,1
2024-06-29,COSM,1
2024-06-29,CRKN,1
2024-06-29,DFLI,1
2024-06-29,FCEL,1
2024-06-29,LUCY,1
2024-06-29,PLUG,1
2024-06-29,RCAT,1
2024-06-29,TNXP,1
2024-06-30,CARM,1
2024-07-01,AIRE,1
2024-07-01,AP,1
2024-07-01,ATOS,1
2024-07-01,BIG,1
2024-07-01,CSLR,1
2024-07-01,CTNT,1
2024-07-01,INSG,1
2024-07-01,IVVD,1
2024-07-01,KTRA,1
2024-07-01,LUCY,1
2024-07-01,NVVE,1
2024-07-01,OCGN,1
2024-07-01,OPTT,1
2024-07-01,PEGY,1
2024-07-01,RNXT,1
2024-07-02,AKTS,1
2024-07-02,AP,1
2024-07-02,BIG,1
2024-07-02,BNZI,1
2024-07-02,CYN,1
2024-07-02,LOOP,1
2024-07-02,LPTV,1
2024-07-02,MBIO,1
2024-07-02,MIMO,1
2024-07-02,NKLA,1
2024-07-02,NXL,1
2024-07-02,OPTT,4
2024-07-02,PEGY,1
2024-07-02,PLUG,1
2024-07-02,PLUR,1
2024-07-03,AMIX,1
2024-07-03,COSM,1
2024-07-03,FCEL,1
2024-07-03,KTRA,1
2024-07-03,NXU,1
2024-07-03,OCGN,1
2024-07-03,OPTT,2
2024-07-03,PLUG,1
2024-07-03,PRSO,1
2024-07-03,RNXT,1
2024-07-03,ZCAR,2
2024-07-04,BIOR,1
2024-07-04,KULR,1
2024-07-05,AEMD,1
2024-07-05,BIG,1
2024-07-05,OPTT,2
2024-07-05,PACB,1
2024-07-06,ASNS,1
2024-07-06,GOSS,1
2024-07-06,LPSN,1
2024-07-06,OPTT,1
2024-07-07,AKTS,2
2024-07-07,AP,1
2024-07-07,DM,1
2024-07-07,GOSS,1
2024-07-07,ME,1
2024-07-07,MIMO,1
2024-07-07,QLGN,1
2024-07-07,SOUN,1
2024-07-08,ALLR,1
2024-07-08,ASTI,1
2024-07-08,CERO,2
2024-07-08,CUTR,1
2024-07-08,FNGR,1
2024-07-08,GOSS,1
2024-07-08,NUWE,1
2024-07-08,OPTT,1
2024-07-08,RNXT,1
2024-07-08,SHPW,1
2024-07-09,ADVM,1
2024-07-09,AKTS,1
2024-07-09,AP,1
2024-07-09,ASTI,1
2024-07-09,BJDX,1
2024-07-09,CGTX,1
2024-07-09,CLSD,1
2024-07-09,CUTR,1
2024-07-09,GWAV,1
2024-07-09,IMNN,1
2024-07-09,JAGX,1
2024-07-09,JNVR,1
2024-07-09,LGVN,1
2024-07-09,OPTT,3
2024-07-09,PEGY,3
2024-07-09,PRST,2
2024-07-09,PRTS,2
2024-07-09,RNXT,2
2024-07-09,SLE,1
2024-07-09,SNGX,3
2024-07-09,SNPX,2
2024-07-09,UNCY,1
2024-07-10,AKTS,2
2024-07-10,ALZN,1
2024-07-10,AP,1
2024-07-10,ASTI,1
2024-07-10,BIG,1
2024-07-10,FOXO,1
2024-07-10,FSR,1
2024-07-10,HLVX,1
2024-07-10,LDI,1
2024-07-10,MTTR,1
2024-07-10,NXU,2
2024-07-10,OPTT,2
2024-07-10,PEGY,3
2024-07-10,RGTI,1
2024-07-10,VLCN,2
2024-07-10,VXRT,1
2024-07-10,ZPTA,1
2024-07-11,AP,1
2024-07-11,BCAB,1
2024-07-11,BIG,1
2024-07-11,BURU,1
2024-07-11,CRKN,1
2024-07-11,CTMX,1
2024-07-11,CTNT,2
2024-07-11,CYN,1
2024-07-11,DFLI,1
2024-07-11,GSAT,1
2024-07-11,IDAI,1
2024-07-11,KSCP,1
2024-07-11,LTRY,1
2024-07-11,MGRX,1
2024-07-11,NUTX,1
2024-07-11,ONDS,1
2024-07-11,OPEN,1
2024-07-11,RNXT,1
2024-07-11,XELA,1
2024-07-12,AKTS,3
2024-07-12,LTRY,1
2024-07-12,MBIO,1
2024-07-12,MVIS,1
2024-07-12,NUTX,1
2024-07-12,NXU,2
2024-07-12,QLGN,1
2024-07-12,SURG,1
2024-07-12,TOON,1
2024-07-13,AKBA,1
2024-07-13,BSFC,1
2024-07-13,MOVE,1
2024-07-13,SHOT,1
2024-07-14,AKBA,3
2024-07-14,BSFC,1
2024-07-14,MCRB,1
2024-07-15,FFIE,1
2024-07-15,IVP,1
2024-07-15,ME,1
2024-07-15,OPTT,2
2024-07-15,PL,1
2024-07-15,RCAT,1
2024-07-15,RNXT,1
2024-07-15,SDOT,1
2024-07-15,STRR,1
2024-07-16,AKTS,2
2024-07-16,AMIX,1
2024-07-16,BIG,1
2024-07-16,PACB,1
2024-07-16,PLBY,1
2024-07-17,APVO,1
2024-07-17,AREB,2
2024-07-17,BIG,1
2024-07-17,INBS,1
2024-07-17,LGVN,1
2024-07-17,RNXT,1
2024-07-17,VLCN,1
2024-07-18,FFIE,1
2024-07-18,GEVO,1
2024-07-18,IDAI,1
2024-07-18,KITT,2
2024-07-18,LUCY,1
2024-07-18,MCRB,1
2024-07-18,MVST,1
2024-07-18,NXU,1
2024-07-19,AIM,1
2024-07-19,CARV,1
2024-07-19,FCEL,1
2024-07-19,IONM,3
2024-07-19,KITT,1
2024-07-19,NOTE,1
2024-07-19,PLUR,1
2024-07-19,RNXT,1
2024-07-19,SERV,1
2024-07-19,SLDP,1
2024-07-20,BBAI,1
2024-07-20,BCAB,1
2024-07-20,BIG,1
2024-07-20,CLOV,1
2024-07-20,PRTS,1
2024-07-20,SERV,1
2024-07-21,DFLI,1
2024-07-21,PRPH,1
2024-07-21,RNXT,1
2024-07-21,SGN,1
2024-07-21,SILO,1
2024-07-21,TNXP,1
2024-07-22,BCG,1
2024-07-22,FGEN,1
2024-07-22,HRTX,1
2024-07-22,MIRA,1
2024-07-22,OCGN,1
2024-07-22,ONDS,1
2024-07-22,OPTT,1
2024-07-22,RR,1
2024-07-22,SERV,1
2024-07-22,SLDP,1
2024-07-22,SLS,1
2024-07-22,UNCY,1
2024-07-23,AIM,1
2024-07-23,ATCH,1
2024-07-23,CTM,1
2024-07-23,IDAI,1
2024-07-23,LUXH,1
2024-07-23,MBIO,1
2024-07-23,MIRA,3
2024-07-23,NMHI,1
2024-07-23,PHUN,2
2024-07-23,RMCO,1
2024-07-23,RNXT,1
2024-07-23,SANW,1
2024-07-23,SMFL,1
2024-07-23,SOAR,2
2024-07-23,TOON,1
2024-07-24,ADIL,1
2024-07-24,ALLR,1
2024-07-24,AZTR,1
2024-07-24,BBLG,1
2024-07-24,CHRO,1
2024-07-24,CONN,2
2024-07-24,DRMA,1
2024-07-24,EYEN,1
2024-07-24,HOTH,1
2024-07-24,ICU,1
2024-07-24,IDEX,1
2024-07-24,MGOL,1
2024-07-24,MIRA,1
2024-07-24,MKTW,1
2024-07-24,MVIS,1
2024-07-24,NKLA,1
2024-07-24,NUWE,1
2024-07-24,NUZE,1
2024-07-24,NVVE,1
2024-07-24,RNXT,1
2024-07-24,RR,2
2024-07-24,SMFL,1
2024-07-24,SNGX,1
2024-07-24,SPWR,1
2024-07-24,TNXP,1
2024-07-25,AKTS,2
2024-07-25,ALLR,1
2024-07-25,AP,3
2024-07-25,CONN,1
2024-07-25,CTNT,1
2024-07-25,ME,2
2024-07-25,MIMO,2
2024-07-25,MIRA,2
2024-07-25,NXU,1
2024-07-25,POAI,1
2024-07-25,RNXT,1
2024-07-25,RR,1
2024-07-25,STEM,1
2024-07-25,STSS,2
2024-07-25,TIVC,1
2024-07-25,VTAK,1
2024-07-26,BIG,1
2024-07-26,CTXR,1
2024-07-26,RNXT,1
2024-07-26,SERV,1
2024-07-27,BFI,1
2024-07-27,DFLI,1
2024-07-27,RCAT,1
2024-07-27,WINT,1
2024-07-27,WOOF,1
2024-07-28,NVOS,1
2024-07-29,BIG,1
2024-07-29,LPTV,1
2024-07-29,NVOS,1
2024-07-29,PRSO,1
2024-07-30,CTNT,1
2024-07-30,DFLI,2
2024-07-30,FOXO,1
2024-07-30,HUSA,1
2024-07-30,IMNN,1
2024-07-30,IVP,1
2024-07-30,LGVN,2
2024-07-30,LUCY,1
2024-07-30,MIRA,1
2024-07-30,NOTE,1
2024-07-30,NXU,1
2024-07-30,PL,1
2024-07-30,SERV,1
2024-07-30,SGMO,1
2024-07-30,SPWR,1
2024-07-30,UNCY,1
2024-07-30,VWE,1
2024-07-31,AP,1
2024-07-31,BURU,1
2024-07-31,CLOV,1
2024-07-31,IVP,1
2024-07-31,MIRA,1
2024-07-31,PLBY,1
2024-07-31,RNXT,1
2024-07-31,SERV,1
2024-07-31,SLS,1
2024-07-31,XXII,1
2024-08-01,AGEN,1
2024-08-01,BURU,1
2024-08-01,CLOV,1
2024-08-01,CTM,1
2024-08-01,CTXR,1
2024-08-01,CUTR,1
2024-08-01,ENSC,1
2024-08-01,GRTS,1
2024-08-01,HPCO,1
2024-08-01,INBS,1
2024-08-01,LGVN,1
2024-08-01,MSS,1
2024-08-01,NXU,1
2024-08-01,OCGN,2
2024-08-01,PRST,1
2024-08-01,PSTV,1
2024-08-02,AKTS,1
2024-08-02,AP,1
2024-08-02,BBAI,1
2024-08-02,DBGI,1
2024-08-02,LGVN,1
2024-08-02,LPSN,1
2024-08-02,NXU,2
2024-08-02,OCGN,1
2024-08-02,XCUR,1
2024-08-03,LPSN,1
2024-08-04,BJDX,1
2024-08-04,CMAX,1
2024-08-04,MIGI,1
2024-08-04,NNVC,1
2024-08-04,SILO,1
2024-08-04,SKYX,1
2024-08-04,VTAK,1
2024-08-04,WINT,1
2024-08-05,AKTS,1
2024-08-05,ALLR,1
2024-08-05,BURU,1
2024-08-05,CLOV,1
2024-08-05,FNCH,1
2024-08-05,OCGN,1
2024-08-05,OCTO,1
2024-08-05,TPET,1
2024-08-05,VSEE,1
2024-08-06,AIM,1
2024-08-06,AKTS,1
2024-08-06,BURU,1
2024-08-06,CYN,1
2024-08-06,EDIT,1
2024-08-06,FGEN,1
2024-08-06,LVO,1
2024-08-06,MIRA,1
2024-08-06,NNVC,1
2024-08-06,NXU,1
2024-08-06,OSTX,1
2024-08-06,RR,2
2024-08-06,SERV,2
2024-08-06,SLS,1
2024-08-07,FGEN,1
2024-08-07,LPSN,2
2024-08-07,LUMN,1
2024-08-07,LVO,5
2024-08-07,NNVC,1
2024-08-07,PET,1
2024-08-07,PRSO,1
2024-08-07,RR,4
2024-08-07,SERV,3
2024-08-07,UMAC,1
2024-08-07,UNCY,1
2024-08-08,AIM,1
2024-08-08,AKTS,1
2024-08-08,AP,1
2024-08-08,ASTI,1
2024-08-08,CDT,2
2024-08-08,COMM,1
2024-08-08,CTXR,2
2024-08-08,EYEN,1
2024-08-08,GSAT,1
2024-08-08,IDAI,1
2024-08-08,KULR,1
2024-08-08,ME,1
2024-08-08,MIMO,1
2024-08-08,NNVC,1
2024-08-08,OCGN,1
2024-08-08,OPTX,1
2024-08-08,OSTX,1
2024-08-08,RNXT,1
2024-08-08,RR,1
2024-08-08,TPET,1
2024-08-09,BIG,1
2024-08-09,BURU,1
2024-08-09,FGEN,1
2024-08-09,IXHL,1
2024-08-09,KULR,1
2024-08-09,LVO,1
2024-08-09,MIRA,2
2024-08-09,OSTX,2
2024-08-09,PLUR,1
2024-08-09,RR,1
2024-08-09,TENX,2
2024-08-10,ATNF,1
2024-08-10,MGOL,1
2024-08-10,NNVC,1
2024-08-11,AIEV,1
2024-08-11,AKTS,1
2024-08-11,CTM,1
2024-08-11,FEMY,2
2024-08-11,KULR,1
2024-08-11,LGMK,1
2024-08-11,NNVC,1
2024-08-12,AKTS,3
2024-08-12,AP,2
2024-08-12,CTM,1
2024-08-12,ENTO,1
2024-08-12,FCEL,2
2024-08-12,FFIE,1
2024-08-12,FGEN,1
2024-08-12,KAVL,1
2024-08-12,KULR,1
2024-08-12,LVO,11
2024-08-12,MDAI,1
2024-08-12,ME,2
2024-08-12,MIMO,2
2024-08-12,MULN,1
2024-08-12,NNVC,1
2024-08-12,OSTX,3
2024-08-12,POWW,1
2024-08-12,SOND,1
2024-08-12,TRVN,1
2024-08-12,VLCN,1
2024-08-13,ABOS,1
2024-08-13,AILE,1
2024-08-13,AKTS,1
2024-08-13,AP,1
2024-08-13,AQMS,1
2024-08-13,CNTM,1
2024-08-13,CXAI,2
2024-08-13,GNLN,1
2024-08-13,INBS,1
2024-08-13,KULR,3
2024-08-13,LPSN,1
2024-08-13,MBRX,1
2024-08-13,NXU,1
2024-08-13,OSTX,1
2024-08-13,SHOT,1
2024-08-13,SIDU,1
2024-08-13,TGL,1
2024-08-13,TRVN,1
2024-08-13,VERB,1
2024-08-14,ALBT,1
2024-08-14,CDT,1
2024-08-14,CXAI,2
2024-08-14,DGLY,1
2024-08-14,GUTS,2
2024-08-14,INBS,1
2024-08-14,IVP,1
2024-08-14,KAVL,1
2024-08-14,LPSN,1
2024-08-14,LUXH,1
2024-08-14,LVO,2
2024-08-14,NNVC,1
2024-08-14,NXU,1
2024-08-14,OGEN,1
2024-08-14,PRSO,1
2024-08-14,VRCA,1
2024-08-15,AGEN,1
2024-08-15,AKTS,1
2024-08-15,ALBT,1
2024-08-15,AP,1
2024-08-15,ARAY,1
2024-08-15,EVA,2
2024-08-15,MSS,1
2024-08-15,NCPL,1
2024-08-15,NNVC,1
2024-08-15,NUVB,1
2024-08-15,OSTX,1
2024-08-15,PL,1
2024-08-15,PLBY,1
2024-08-15,PRLD,1
2024-08-15,SIDU,1
2024-08-16,ATHA,1
2024-08-16,CLOV,1
2024-08-16,COMM,1
2024-08-16,LPSN,1
2024-08-16,LVO,2
2024-08-16,NMHI,1
2024-08-17,LGMK,1
2024-08-17,NNVC,2
2024-08-18,APDN,1
2024-08-18,ASNS,1
2024-08-18,BIG,2
2024-08-18,BZFD,1
2024-08-18,CIA,1
2024-08-18,CLOV,1
2024-08-18,DFLI,1
2024-08-18,FGEN,1
2024-08-18,FUBO,1
2024-08-18,GOVX,2
2024-08-18,KULR,1
2024-08-18,LPSN,2
2024-08-18,LUMN,1
2024-08-18,NOTE,1
2024-08-18,PET,1
2024-08-18,PLUR,1
2024-08-18,PRSO,1
2024-08-19,CTOR,1
2024-08-19,CTXR,1
2024-08-19,NNVC,1
2024-08-19,OSTX,2
2024-08-19,PL,1
2024-08-19,RR,1
2024-08-19,SIDU,1
2024-08-20,AKTS,1
2024-08-20,AP,1
2024-08-20,AREB,1
2024-08-20,BBAI,1
2024-08-20,BIG,1
2024-08-20,CDT,1
2024-08-20,CIA,1
2024-08-20,FGEN,1
2024-08-20,LAZR,1
2024-08-20,LVO,1
2024-08-20,ME,1
2024-08-20,MIMO,1
2024-08-20,NCPL,1
2024-08-20,NNVC,1
2024-08-20,PRSO,1
2024-08-20,RCAT,1
2024-08-20,RR,1
2024-08-20,UAMY,1
2024-08-20,VERB,1
2024-08-21,AKTS,1
2024-08-21,BBAI,1
2024-08-21,BGXX,1
2024-08-21,BIG,1
2024-08-21,CLRO,2
2024-08-21,DC,1
2024-08-21,GSAT,2
2024-08-21,INBS,1
2024-08-21,LVO,3
2024-08-21,MIRA,1
2024-08-21,MULN,1
2024-08-21,OSTX,1
2024-08-21,PODC,1
2024-08-21,RR,2
2024-08-21,SHOT,1
2024-08-21,SNOA,2
2024-08-21,UAMY,1
2024-08-21,VSEE,1
2024-08-21,ZCAR,1
2024-08-21,ZONE,1
2024-08-22,APDN,1
2024-08-22,ARTW,1
2024-08-22,CDT,1
2024-08-22,CVKD,1
2024-08-22,GDC,2
2024-08-22,HLVX,1
2024-08-22,LVO,1
2024-08-22,MULN,1
2024-08-22,OLB,1
2024-08-22,OSTX,1
2024-08-22,PL,1
2024-08-22,RNXT,1
2024-08-22,RR,1
2024-08-22,SBEV,2
2024-08-23,AKTS,1
2024-08-23,AP,1
2024-08-23,APDN,1
2024-08-23,BIG,1
2024-08-23,BNED,1
2024-08-23,CIA,1
2024-08-23,CTNT,1
2024-08-23,FGEN,1
2024-08-23,HCWB,1
2024-08-23,HYZN,1
2024-08-23,LVO,1
2024-08-23,ME,1
2024-08-23,MIMO,1
2024-08-23,MNTS,2
2024-08-23,MULN,1
2024-08-23,NNVC,2
2024-08-23,NRDY,1
2024-08-23,OCGN,1
2024-08-23,PLBY,1
2024-08-23,TNXP,1
2024-08-24,MULN,1
2024-08-24,STSS,1
2024-08-25,AKTS,1
2024-08-25,AP,1
2024-08-25,CDIO,5
2024-08-25,VTNR,1
2024-08-26,AKTS,1
2024-08-26,AP,1
2024-08-26,CMRX,1
2024-08-26,GOVX,1
2024-08-26,HCWB,1
2024-08-26,LODE,1
2024-08-26,MIRA,1
2024-08-26,MKTW,1
2024-08-26,MULN,1
2024-08-26,NNVC,1
2024-08-26,OCGN,1
2024-08-26,OSTX,1
2024-08-26,PLBY,1
2024-08-26,RR,1
2024-08-26,TGL,1
2024-08-26,TNXP,4
2024-08-27,ABIO,1
2024-08-27,BNZI,1
2024-08-27,HCWB,2
2024-08-27,LVO,2
2024-08-27,OCGN,1
2024-08-27,OSTX,1
2024-08-27,PODC,2
2024-08-27,SMFL,1
2024-08-27,TNXP,1
2024-08-28,APDN,1
2024-08-28,BOF,1
2024-08-28,CING,1
2024-08-28,MIRA,1
2024-08-28,OSTX,2
2024-08-28,TNXP,3
2024-08-29,AKTS,1
2024-08-29,AP,1
2024-08-29,BFI,1
2024-08-29,BURU,1
2024-08-29,GSIT,1
2024-08-29,ME,1
2024-08-29,MIMO,1
2024-08-29,MULN,1
2024-08-29,OPTT,1
2024-08-29,SPAI,1
2024-08-29,TNXP,1
2024-08-29,TPET,1
2024-08-29,XRTX,1
2024-08-30,AKTS,1
2024-08-30,AP,1
2024-08-30,APDN,2
2024-08-30,ATPC,1
2024-08-30,CDT,1
2024-08-30,DC,1
2024-08-30,GANX,1
2024-08-30,GOSS,1
2024-08-30,GROM,1
2024-08-30,ICU,1
2024-08-30,IMUX,1
2024-08-30,MDAI,1
2024-08-30,ME,1
2024-08-30,MIMO,1
2024-08-30,MSGM,1
2024-08-30,MSS,1
2024-08-30,NUVB,1
2024-08-30,OSTX,1
2024-08-30,PRLD,1
2024-08-31,GCI,1
2024-08-31,SUP,1
2024-08-31,VXRT,1
2024-09-01,INUV,1
2024-09-02,CIA,1
2024-09-02,FGEN,1
2024-09-02,GDC,1
2024-09-02,IVP,1
2024-09-03,AKTS,1
2024-09-03,AP,1
2024-09-03,AUUD,2
2024-09-03,BBLG,1
2024-09-03,DBGI,1
2024-09-03,ELAB,1
2024-09-03,HCWB,1
2024-09-03,LTRY,1
2024-09-03,ME,1
2024-09-03,MIMO,1
2024-09-03,OSTX,1
2024-09-03,PLUG,1
2024-09-04,ACON,1
2024-09-04,BIG,1
2024-09-04,CIA,1
2024-09-04,EOSE,1
2024-09-04,FGEN,1
2024-09-04,IVP,2
2024-09-04,KULR,1
2024-09-04,OCGN,1
2024-09-04,OSTX,1
2024-09-04,WISA,1
2024-09-05,ACON,1
2024-09-05,BIG,1
2024-09-05,IVP,1
2024-09-05,MDAI,1
2024-09-05,MULN,1
2024-09-05,PRTS,1
2024-09-05,TALK,1
2024-09-05,ZPTA,2
2024-09-06,ACON,1
2024-09-06,LODE,1
2024-09-06,LVO,1
2024-09-06,ROI,1
2024-09-06,VOR,1
2024-09-07,BENF,1
2024-09-07,INBS,1
2024-09-07,LUXH,1
2024-09-07,MODD,1
2024-09-07,SMXT,1
2024-09-08,BENF,1
2024-09-08,DM,1
2024-09-08,EAST,2
2024-09-08,INBS,1
2024-09-08,MODD,1
2024-09-08,SMXT,1
2024-09-09,ACON,1
2024-09-09,AKTS,2
2024-09-09,AP,2
2024-09-09,BBAI,1
2024-09-09,BIG,1
2024-09-09,CVKD,1
2024-09-09,EAST,2
2024-09-09,FGEN,1
2024-09-09,INBS,1
2024-09-09,ME,2
2024-09-09,MIMO,2
2024-09-09,NNVC,1
2024-09-09,OSTX,1
2024-09-09,SLS,1
2024-09-09,SRFM,1
2024-09-10,ACON,1
2024-09-10,AKTS,2
2024-09-10,AP,1
2024-09-10,ATRA,1
2024-09-10,BBAI,1
2024-09-10,CTM,1
2024-09-10,INBS,1
2024-09-10,LASE,1
2024-09-10,LVO,1
2024-09-10,ME,1
2024-09-10,MIMO,1
2024-09-10,NNVC,1
2024-09-10,OSTX,3
2024-09-10,PODC,1
2024-09-10,SLS,1
2024-09-10,WYY,1
2024-09-11,AILE,2
2024-09-11,AKTS,1
2024-09-11,AP,1
2024-09-11,ASNS,1
2024-09-11,BIG,1
2024-09-11,COMM,1
2024-09-11,FTCI,1
2024-09-11,INVO,1
2024-09-11,ME,1
2024-09-11,MGRM,1
2024-09-11,MIMO,1
2024-09-11,NNVC,1
2024-09-11,OSTX,2
2024-09-11,VLD,1
2024-09-12,ACON,1
2024-09-12,AILE,1
2024-09-12,AKTS,2
2024-09-12,AP,1
2024-09-12,BIG,1
2024-09-12,CIA,1
2024-09-12,DTC,1
2024-09-12,FGEN,1
2024-09-12,GEVO,1
2024-09-12,ME,1
2024-09-12,MIMO,1
2024-09-12,MNTS,1
2024-09-12,NNVC,1
2024-09-12,NUWE,1
2024-09-12,OSTX,1
2024-09-13,ACON,1
2024-09-13,BBLG,1
2024-09-13,BIG,1
2024-09-13,CDT,1
2024-09-13,CIA,1
2024-09-13,FGEN,1
2024-09-13,KULR,1
2024-09-13,LIFE,1
2024-09-13,MNTS,5
2024-09-13,NDRA,1
2024-09-13,OSTX,1
2024-09-13,PET,1
2024-09-13,RGTI,1
2024-09-13,RIME,1
2024-09-13,SLS,1
2024-09-14,NNVC,1
2024-09-15,ASNS,1
2024-09-15,FCEL,1
2024-09-15,GEVO,1
2024-09-15,ICU,1
2024-09-15,IMRX,1
2024-09-15,PED,1
2024-09-15,PEGY,1
2024-09-15,PRSO,1
2024-09-15,RCAT,1
2024-09-15,SAVE,1
2024-09-16,BBLG,1
2024-09-16,CDT,1
2024-09-16,CVKD,1
2024-09-16,HYZN,1
2024-09-16,OPTT,1
2024-09-16,SLS,1
2024-09-16,SPEC,1
2024-09-16,TTOO,1
2024-09-16,VERB,1
2024-09-16,XELA,1
2024-09-17,AKTS,2
2024-09-17,AP,1
2024-09-17,BIG,1
2024-09-17,CIA,1
2024-09-17,FGEN,1
2024-09-17,IMG,2
2024-09-17,ME,1
2024-09-17,MIMO,1
2024-09-17,MNTS,1
2024-09-17,MULN,1
2024-09-17,NCPL,1
2024-09-17,PDYN,1
2024-09-17,PHIO,1
2024-09-17,RENB,1
2024-09-17,SES,1
2024-09-17,STIM,1
2024-09-18,AKTS,1
2024-09-18,AZTR,1
2024-09-18,BFI,1
2024-09-18,CVKD,1
2024-09-18,DNA,1
2024-09-18,EBS,1
2024-09-18,HRTX,1
2024-09-18,IMNN,1
2024-09-18,KRON,1
2024-09-18,MIRA,1
2024-09-18,RR,1
2024-09-18,SERV,1
2024-09-18,SLS,1
2024-09-18,TNXP,1
2024-09-19,AKTS,1
2024-09-19,CCO,1
2024-09-19,CNTM,1
2024-09-19,GERN,1
2024-09-19,MNTS,1
2024-09-19,OSTX,1
2024-09-19,SLS,2
2024-09-20,AIM,1
2024-09-20,AKTS,1
2024-09-20,MDAI,1
2024-09-20,RR,1
2024-09-20,XPON,1
2024-09-21,BBLG,1
2024-09-21,IMRX,1
2024-09-21,NNVC,1
2024-09-21,RCAT,1
2024-09-21,RELI,1
2024-09-21,TBIO,1
2024-09-21,TGL,1
2024-09-21,TNON,1
2024-09-22,BBAI,1
2024-09-22,ME,1
2024-09-22,NNVC,1
2024-09-22,NUKK,1
2024-09-22,RGTI,1
2024-09-22,SNES,1
2024-09-22,XXII,1
2024-09-23,ARMP,1
2024-09-23,CTM,1
2024-09-23,PHGE,1
2024-09-23,PRSO,1
2024-09-23,RNXT,1
2024-09-23,RR,1
2024-09-23,XXII,2
2024-09-24,AKTS,2
2024-09-24,AP,1
2024-09-24,BNZI,1
2024-09-24,LODE,1
2024-09-24,LPSN,1
2024-09-24,NNVC,1
2024-09-24,RR,1
2024-09-24,SEEL,2
2024-09-24,SLS,1
2024-09-24,XPON,1
2024-09-24,XXII,1
2024-09-25,AKTS,2
2024-09-25,AP,1
2024-09-25,BIG,1
2024-09-25,BNED,1
2024-09-25,CIA,1
2024-09-25,CVKD,1
2024-09-25,FGEN,1
2024-09-25,KULR,1
2024-09-25,LODE,1
2024-09-25,MDAI,1
2024-09-25,MIMO,1
2024-09-25,MSS,1
2024-09-25,NNVC,1
2024-09-25,PRSO,4
2024-09-25,PTIX,2
2024-09-25,RCAT,4
2024-09-25,RGTI,1
2024-09-25,RNAZ,3
2024-09-25,RNXT,1
2024-09-25,VTNR,1
2024-09-25,WW,1
2024-09-25,XXII,2
2024-09-25,ZEO,1
2024-09-26,AZTR,1
2024-09-26,BOLT,1
2024-09-26,CNTM,1
2024-09-26,CSLR,1
2024-09-26,PTIX,1
2024-09-26,XXII,1
2024-09-27,MMAT,1
2024-09-27,PRSO,1
2024-09-27,WW,1
2024-09-28,AGL,1
2024-09-29,BIG,1
2024-09-29,MIGI,1
2024-09-29,PLUG,1
2024-09-29,PTIX,1
2024-09-29,RCAT,1
2024-09-29,RGTI,1
2024-09-30,AKTS,1
2024-09-30,OMEX,1
2024-09-30,PLUG,1
2024-09-30,POWW,1
2024-09-30,PRSO,2
2024-09-30,RNXT,2
2024-09-30,SLS,1
2024-09-30,UAVS,1
2024-09-30,WTI,1
2024-10-01,CNTM,2
2024-10-01,LUMN,1
2024-10-01,ZENA,1
2024-10-02,AQMS,1
2024-10-02,CNTM,1
2024-10-02,JTAI,1
2024-10-02,KULR,1
2024-10-02,OPTT,1
2024-10-02,PRSO,1
2024-10-02,PTIX,1
2024-10-02,RGLS,2
2024-10-02,RNXT,1
2024-10-02,XPON,1
2024-10-03,CHGG,1
2024-10-03,ELAB,3
2024-10-03,OM,1
2024-10-03,PRSO,1
2024-10-04,AKTS,1
2024-10-04,BBAI,1
2024-10-04,BIG,1
2024-10-04,BLNK,1
2024-10-04,CLOV,1
2024-10-04,DNA,1
2024-10-04,ELAB,1
2024-10-04,ENTO,2
2024-10-04,NNVC,1
2024-10-04,PRSO,1
2024-10-05,CETX,1
2024-10-05,CLOV,1
2024-10-05,LPSN,1
2024-10-05,NNVC,1
2024-10-05,PRSO,1
2024-10-05,RCAT,2
2024-10-05,SKYX,1
2024-10-06,BCAB,1
2024-10-06,PRSO,1
2024-10-07,BIG,1
2024-10-07,CLOV,1
2024-10-07,ELAB,1
2024-10-07,EOSE,2
2024-10-07,ESPR,1
2024-10-07,IVP,1
2024-10-07,KULR,1
2024-10-07,LPSN,1
2024-10-07,OSTX,1
2024-10-07,PRSO,1
2024-10-07,PTIX,1
2024-10-07,RIME,1
2024-10-07,RR,1
2024-10-07,STSS,1
2024-10-07,TNON,1
2024-10-08,AISP,1
2024-10-08,AKTS,2
2024-10-08,BJDX,1
2024-10-08,BNGO,1
2024-10-08,BURU,2
2024-10-08,EOSE,1
2024-10-08,FCEL,1
2024-10-08,KULR,1
2024-10-08,LAZR,1
2024-10-08,MIMO,1
2024-10-08,OSTX,1
2024-10-08,PLUG,1
2024-10-08,PRSO,1
2024-10-08,RR,1
2024-10-09,CIA,1
2024-10-09,DM,1
2024-10-09,EVA,1
2024-10-09,FGEN,1
2024-10-09,MIMO,1
2024-10-09,MNTS,1
2024-10-09,OCGN,1
2024-10-09,PRSO,1
2024-10-09,SNAL,1
2024-10-09,VERO,1
2024-10-09,WW,1
2024-10-10,AKTS,4
2024-10-10,CRKN,1
2024-10-10,HUSA,1
2024-10-10,LAZR,2
2024-10-10,MDAI,1
2024-10-10,MIMO,1
2024-10-10,MNTS,1
2024-10-10,MULN,1
2024-10-10,OSTX,1
2024-10-10,PHUN,1
2024-10-10,PRTS,2
2024-10-10,REKR,1
2024-10-10,SENS,1
2024-10-10,SNAX,1
2024-10-10,SNOA,1
2024-10-10,TPET,1
2024-10-10,UMAC,1
2024-10-10,VERO,1
2024-10-10,WETH,1
2024-10-10,WINT,1
2024-10-10,WTI,1
2024-10-11,AKTS,1
2024-10-11,CLOV,1
2024-10-11,MIMO,1
2024-10-11,MNTS,1
2024-10-11,NUVB,2
2024-10-11,PRSO,1
2024-10-11,SLS,1
2024-10-11,STIM,2
2024-10-11,VERB,1
2024-10-11,WW,1
2024-10-11,ZENA,1
2024-10-12,MOVE,1
2024-10-12,NOTE,1
2024-10-12,RCAT,1
2024-10-12,SOUN,1
2024-10-12,TVGN,1
2024-10-12,VERB,1
2024-10-13,TVGN,1
2024-10-13,VERB,1
2024-10-14,AKTS,2
2024-10-14,BBAI,1
2024-10-14,BIG,3
2024-10-14,DFLI,1
2024-10-14,IBIO,1
2024-10-14,INDP,2
2024-10-14,IVP,1
2024-10-14,LGMK,1
2024-10-14,LODE,1
2024-10-14,MNTS,1
2024-10-14,OPEN,1
2024-10-14,OSTX,1
2024-10-14,PRSO,3
2024-10-14,RCAT,2
2024-10-14,TVGN,1
2024-10-14,VTAK,2
2024-10-14,WW,1
2024-10-14,XPON,1
2024-10-15,CIA,1
2024-10-15,DTSS,1
2024-10-15,FGEN,1
2024-10-15,KULR,1
2024-10-15,LODE,1
2024-10-15,MDAI,1
2024-10-15,NDRA,1
2024-10-15,OSTX,1
2024-10-15,PRSO,1
2024-10-15,SLS,1
2024-10-15,TNON,1
2024-10-15,VERB,1
2024-10-15,ZENA,1
2024-10-16,AKTS,1
2024-10-16,BIG,1
2024-10-16,CETX,1
2024-10-16,CLOV,1
2024-10-16,JEWL,1
2024-10-16,PRSO,1
2024-10-16,RANI,1
2024-10-16,SCLX,1
2024-10-16,TNXP,1
2024-10-16,VTAK,1
2024-10-17,AKTS,4
2024-10-17,BIG,1
2024-10-17,CERS,3
2024-10-17,CIA,1
2024-10-17,FGEN,1
2024-10-17,KULR,1
2024-10-17,ME,1
2024-10-17,MIMO,2
2024-10-17,NUVB,1
2024-10-17,NUZE,1
2024-10-17,OCEA,1
2024-10-17,OSTX,1
2024-10-17,PRSO,1
2024-10-17,RR,1
2024-10-17,TNXP,1
2024-10-17,TVGN,1
2024-10-17,XXII,2
2024-10-18,ADTX,1
2024-10-18,AKTS,1
2024-10-18,AQMS,1
2024-10-18,CLOV,1
2024-10-18,CYCC,2
2024-10-18,EDBL,1
2024-10-18,EFSH,2
2024-10-18,GRTS,1
2024-10-18,LODE,1
2024-10-18,MIMO,1
2024-10-18,MRNS,1
2024-10-18,MVIS,1
2024-10-18,PASG,1
2024-10-18,PEGY,2
2024-10-18,PRSO,1
2024-10-18,QBTS,1
2024-10-18,TNXP,1
2024-10-18,UNCY,1
2024-10-18,VTAK,1
2024-10-18,ZENA,1
2024-10-19,EFSH,1
2024-10-19,INTZ,1
2024-10-19,STSS,1
2024-10-19,TNXP,1
2024-10-19,XXII,1
2024-10-20,ADTX,1
2024-10-20,NKGN,1
2024-10-20,RR,1
2024-10-20,XPON,1
2024-10-21,AQMS,1
2024-10-21,ATER,1
2024-10-21,BACK,1
2024-10-21,BBAI,1
2024-10-21,CLSD,1
2024-10-21,CYCC,1
2024-10-21,GNPX,1
2024-10-21,GRI,1
2024-10-21,GRTS,1
2024-10-21,HOWL,1
2024-10-21,LODE,1
2024-10-21,PEGY,1
2024-10-21,PETV,1
2024-10-21,PRSO,1
2024-10-21,SERV,1
2024-10-21,TNXP,1
2024-10-21,WWR,1
2024-10-21,XFOR,1
2024-10-21,XPON,1
2024-10-22,BPTH,1
2024-10-22,ELAB,1
2024-10-22,ENSC,1
2024-10-22,GERN,1
2024-10-22,GNPX,2
2024-10-22,GRI,1
2024-10-22,JTAI,1
2024-10-22,LASE,1
2024-10-22,LGMK,2
2024-10-22,NDRA,1
2024-10-22,OCGN,1
2024-10-22,PLBY,1
2024-10-22,PRSO,1
2024-10-22,RIME,1
2024-10-22,SOUN,1
2024-10-22,SRFM,1
2024-10-22,TPIC,1
2024-10-22,TVGN,1
2024-10-22,WKSP,1
2024-10-23,AKTS,1
2024-10-23,BCG,2
2024-10-23,BIG,1
2024-10-23,BIVI,1
2024-10-23,CYCC,1
2024-10-23,EOSE,1
2024-10-23,GALT,1
2024-10-23,GNPX,1
2024-10-23,LGMK,1
2024-10-23,MIMO,1
2024-10-23,NDLS,1
2024-10-23,OSTX,1
2024-10-23,PRSO,1
2024-10-23,SAVE,1
2024-10-23,TNXP,1
2024-10-23,VERU,1
2024-10-24,AKTS,1
2024-10-24,AP,1
2024-10-24,BOF,1
2024-10-24,BOLT,1
2024-10-24,BYU,1
2024-10-24,CHRS,1
2024-10-24,CIA,1
2024-10-24,CTNT,1
2024-10-24,ENSC,1
2024-10-24,FGEN,1
2024-10-24,LYEL,1
2024-10-24,MIMO,1
2024-10-24,MNPR,1
2024-10-24,PLUR,1
2024-10-24,PRSO,1
2024-10-24,RGTI,1
2024-10-24,SHOT,1
2024-10-24,STEM,1
2024-10-25,ABVC,1
2024-10-25,AKTS,1
2024-10-25,AP,1
2024-10-25,BCG,1
2024-10-25,BIG,1
2024-10-25,EFSH,1
2024-10-25,ENSC,1
2024-10-25,FBIO,1
2024-10-25,FGEN,1
2024-10-25,JTAI,1
2024-10-25,MIMO,1
2024-10-25,NXU,1
2024-10-25,OPTT,1
2024-10-25,PRSO,1
2024-10-25,SAVE,1
2024-10-25,TNXP,1
2024-10-26,NOTE,1
2024-10-27,PRSO,1
2024-10-27,QMCO,1
2024-10-28,AKTS,1
2024-10-28,BOLT,1
2024-10-28,LGMK,1
2024-10-28,LIFW,1
2024-10-28,ME,1
2024-10-28,OCGN,2
2024-10-28,PRSO,1
2024-10-28,TFFP,1
2024-10-28,WISA,2
2024-10-29,AKTS,1
2024-10-29,BCDA,2
2024-10-29,BCG,1
2024-10-29,CIA,1
2024-10-29,EDBL,1
2024-10-29,EFSH,1
2024-10-29,ENSC,1
2024-10-29,FGEN,1
2024-10-29,LODE,2
2024-10-29,MIMO,1
2024-10-29,NOTE,1
2024-10-29,PRSO,1
2024-10-29,SLE,1
2024-10-29,TVGN,1
2024-10-30,AKTS,2
2024-10-30,BIG,1
2024-10-30,GNPX,1
2024-10-30,MDAI,1
2024-10-30,MIMO,2
2024-10-30,NKGN,1
2024-10-30,PRSO,1
2024-10-30,QNCX,1
2024-10-30,SLS,1
2024-10-31,ABOS,1
2024-10-31,ALTO,1
2024-10-31,BOLT,1
2024-10-31,FBIO,1
2024-10-31,LXRX,1
2024-10-31,PRSO,1
2024-10-31,PYXS,1
2024-10-31,RGTI,2
2024-10-31,SNGX,1
2024-10-31,TNXP,1
2024-10-31,VCNX,1
2024-11-01,AKTS,1
2024-11-01,DNMR,1
2024-11-01,ELEV,1
2024-11-01,EOSE,1
2024-11-01,FBIO,1
2024-11-01,FCEL,1
2024-11-01,FCUV,1
2024-11-01,GSAT,1
2024-11-01,MIMO,1
2024-11-01,MSS,1
2024-11-01,PRSO,1
2024-11-01,UNCY,1
2024-11-01,XTIA,1
2024-11-02,GSAT,1
2024-11-02,HRYU,1
2024-11-03,CIA,1
2024-11-03,FGEN,1
2024-11-03,KULR,1
2024-11-03,OPTT,1
2024-11-03,PEV,1
2024-11-03,TCS,1
2024-11-04,AKTS,3
2024-11-04,BOLT,1
2024-11-04,COEP,1
2024-11-04,DM,1
2024-11-04,FBIO,1
2024-11-04,MIMO,3
2024-11-04,NUWE,2
2024-11-04,NUZE,1
2024-11-04,PRSO,1
2024-11-04,RSLS,2
2024-11-04,WW,1
2024-11-05,AKTS,2
2024-11-05,ASNS,1
2024-11-05,ATXI,1
2024-11-05,BBAI,1
2024-11-05,CKPT,1
2024-11-05,COEP,1
2024-11-05,EFSH,1
2024-11-05,GRI,2
2024-11-05,KULR,1
2024-11-05,MIMO,2
2024-11-05,SGN,1
2024-11-05,SLS,1
2024-11-05,STI,1
2024-11-05,TNXP,1
2024-11-05,TPET,1
2024-11-05,VOR,1
2024-11-05,WW,2
2024-11-06,AKTS,1
2024-11-06,AREB,2
2024-11-06,CVM,1
2024-11-06,GSAT,1
2024-11-06,INBS,1
2024-11-06,LGMK,1
2024-11-06,MIMO,1
2024-11-06,QBTS,1
2024-11-07,AGEN,1
2024-11-07,BBLG,1
2024-11-07,BLUE,1
2024-11-07,DBGI,1
2024-11-07,DRIO,1
2024-11-07,ICU,1
2024-11-07,IMNN,1
2024-11-07,INBS,1
2024-11-07,KULR,1
2024-11-07,LODE,1
2024-11-07,OCGN,2
2024-11-07,OM,1
2024-11-07,QBTS,1
2024-11-07,RNXT,2
2024-11-07,RR,1
2024-11-07,XFOR,1
2024-11-08,APVO,1
2024-11-08,ELAB,4
2024-11-08,EONR,1
2024-11-08,FOXO,2
2024-11-08,GSAT,2
2024-11-08,HUSA,1
2024-11-08,NINE,1
2024-11-08,OCGN,1
2024-11-08,REI,1
2024-11-08,RNXT,1
2024-11-08,TIVC,1
2024-11-08,USEG,1
2024-11-09,CETX,1
2024-11-09,GSAT,1
2024-11-09,HOOK,1
2024-11-09,TNXP,1
2024-11-10,CETX,1
2024-11-11,AKTS,1
2024-11-11,AMPX,1
2024-11-11,BOLT,1
2024-11-11,CERO,1
2024-11-11,CHGG,1
2024-11-11,EVA,1
2024-11-11,EXFY,1
2024-11-11,KULR,2
2024-11-11,MIMO,1
2024-11-11,NOTE,1
2024-11-11,QBTS,1
2024-11-11,RGTI,1
2024-11-11,RNXT,1
2024-11-11,SLS,1
2024-11-12,ATNF,1
2024-11-12,BBLG,1
2024-11-12,CERO,1
2024-11-12,CURI,1
2024-11-12,CVKD,1
2024-11-12,FOXO,1
2024-11-12,KAPA,1
2024-11-12,KULR,1
2024-11-12,LGMK,2
2024-11-12,LMFA,1
2024-11-12,MDAI,1
2024-11-12,MVIS,1
2024-11-12,NUZE,1
2024-11-12,RNXT,1
2024-11-12,RVPH,1
2024-11-12,TNXP,1
2024-11-12,TSHA,1
2024-11-12,XFOR,1
2024-11-13,BACK,1
2024-11-13,CYCN,1
2024-11-13,ELAB,1
2024-11-13,FGEN,1
2024-11-13,HYZN,1
2024-11-13,KAPA,1
2024-11-13,KULR,1
2024-11-13,LODE,1
2024-11-13,MGX,1
2024-11-13,MIGI,4
2024-11-13,MVST,2
2024-11-13,OLB,4
2024-11-13,RNXT,1
2024-11-13,RVPH,1
2024-11-13,SAVE,1
2024-11-13,SIDU,1
2024-11-13,STI,1
2024-11-13,TUP,1
2024-11-14,AKTS,2
2024-11-14,ELAB,1
2024-11-14,GAME,1
2024-11-14,GNLX,1
2024-11-14,LGMK,1
2024-11-14,MVST,1
2024-11-14,NEOV,1
2024-11-14,NUZE,1
2024-11-14,QUBT,1
2024-11-14,SYRS,1
2024-11-14,TNYA,1
2024-11-14,TPST,1
2024-11-14,ZENA,1
2024-11-15,AKTS,1
2024-11-15,AREN,1
2024-11-15,BIG,1
2024-11-15,BOLT,1
2024-11-15,CERO,1
2024-11-15,GREE,1
2024-11-15,LGMK,1
2024-11-15,MVST,2
2024-11-15,NEOV,1
2024-11-15,OPTT,1
2024-11-15,QTI,1
2024-11-15,RCAT,1
2024-11-15,RR,1
2024-11-15,SAVE,1
2024-11-15,STIM,1
2024-11-16,CTM,1
2024-11-16,DBGI,1
2024-11-17,AGRX,1
2024-11-17,BOLT,1
2024-11-17,NOTE,1
2024-11-17,PRSO,1
2024-11-17,RCAT,1
2024-11-17,RGTI,1
2024-11-18,AIMD,1
2024-11-18,AKTS,1
2024-11-18,AMPX,1
2024-11-18,APPS,1
2024-11-18,BIG,1
2024-11-18,KULR,3
2024-11-18,NEOV,1
2024-11-18,NOTE,1
2024-11-18,PDYN,1
2024-11-18,PRST,1
2024-11-18,QUBT,1
2024-11-18,RCAT,2
2024-11-18,RNXT,1
2024-11-18,VRM,1
2024-11-18,WYY,1
2024-11-19,ACET,1
2024-11-19,AKTS,3
2024-11-19,APLT,1
2024-11-19,DM,1
2024-11-19,DTC,1
2024-11-19,IKT,1
2024-11-19,INAB,1
2024-11-19,IVDA,1
2024-11-19,KULR,1
2024-11-19,NEOV,1
2024-11-19,NKGN,1
2024-11-19,ORGN,1
2024-11-19,PSTV,1
2024-11-19,QBTS,1
2024-11-19,QUBT,1
2024-11-19,SOAR,1
2024-11-19,WW,1
2024-11-20,AKBA,1
2024-11-20,AKTS,3
2024-11-20,BBLG,1
2024-11-20,BCG,1
2024-11-20,CAMP,1
2024-11-20,CHRS,1
2024-11-20,DNA,1
2024-11-20,EVA,1
2024-11-20,INBS,1
2024-11-20,OCGN,1
2024-11-20,PDYN,1
2024-11-20,PIII,1
2024-11-20,QSI,1
2024-11-20,RCAT,3
2024-11-20,RNXT,1
2024-11-21,AGFY,1
2024-11-21,AKTS,3
2024-11-21,AMPE,1
2024-11-21,AP,1
2024-11-21,APVO,1
2024-11-21,CHRS,1
2024-11-21,CRKN,1
2024-11-21,DBGI,1
2024-11-21,HCWB,1
2024-11-21,IVDA,1
2024-11-21,PYXS,3
2024-11-21,RR,1
2024-11-21,ZENA,1
2024-11-22,AKTS,2
2024-11-22,BIG,2
2024-11-22,BJDX,1
2024-11-22,CAMP,1
2024-11-22,CVKD,1
2024-11-22,EFSH,1
2024-11-22,KULR,1
2024-11-22,MIMO,2
2024-11-22,MIRA,1
2024-11-22,PDYN,1
2024-11-22,QUBT,1
2024-11-22,RCAT,3
2024-11-22,RNXT,1
2024-11-22,ROI,1
2024-11-22,SONN,1
2024-11-22,XCUR,1
2024-11-23,AKTS,2
2024-11-23,BIG,2
2024-11-23,IMUX,1
2024-11-23,KULR,1
2024-11-23,MIMO,2
2024-11-23,NOTE,2
2024-11-23,OPTT,1
2024-11-23,QBTS,1
2024-11-23,RCAT,2
2024-11-23,UP,1
2024-11-23,WYY,1
2024-11-24,ACXP,1
2024-11-24,CDT,1
2024-11-24,CERO,1
2024-11-24,CKPT,1
2024-11-24,FOXO,1
2024-11-24,HOTH,1
2024-11-24,KULR,2
2024-11-24,MULN,1
2024-11-24,OLB,1
2024-11-24,RCAT,2
2024-11-24,TNXP,1
2024-11-24,UMAC,1
2024-11-24,XAIR,1
2024-11-25,AKTS,3
2024-11-25,AMPG,1
2024-11-25,ATOS,1
2024-11-25,BIG,1
2024-11-25,CKPT,2
2024-11-25,CLIR,1
2024-11-25,CVKD,1
2024-11-25,FTEK,1
2024-11-25,KDLY,1
2024-11-25,KULR,6
2024-11-25,LODE,1
2024-11-25,LPSN,1
2024-11-25,LUMN,1
2024-11-25,MDAI,1
2024-11-25,MIMO,2
2024-11-25,MSAI,1
2024-11-25,OPTT,1
2024-11-25,PDYN,2
2024-11-25,PRCH,1
2024-11-25,QBTS,1
2024-11-25,RCAT,4
2024-11-25,RGTI,2
2024-11-25,RNXT,1
2024-11-25,SES,1
2024-11-25,SGMO,1
2024-11-26,AKTS,1
2024-11-26,BOLT,1
2024-11-26,CYCN,1
2024-11-26,FRGE,1
2024-11-26,IDAI,1
2024-11-26,IMG,1
2024-11-26,KDLY,1
2024-11-26,KULR,7
2024-11-26,MNPR,1
2024-11-26,MNTS,1
2024-11-26,NUZE,1
2024-11-26,OPTT,5
2024-11-26,QBTS,1
2024-11-26,QUBT,1
2024-11-26,RCAT,2
2024-11-26,RGTI,3
2024-11-26,RNXT,1
2024-11-26,SANW,1
2024-11-26,SAVE,1
2024-11-26,ZENA,1
2024-11-27,AKTS,1
2024-11-27,ASNS,1
2024-11-27,ATNM,1
2024-11-27,BOLT,1
2024-11-27,CTXR,1
2024-11-27,CVKD,1
2024-11-27,EONR,1
2024-11-27,INBS,1
2024-11-27,IOBT,1
2024-11-27,KULR,4
2024-11-27,MAPS,1
2024-11-27,MVST,1
2024-11-27,NUZE,1
2024-11-27,OPTT,2
2024-11-27,OSTX,1
2024-11-27,QBTS,2
2024-11-27,QUBT,1
2024-11-27,RGTI,1
2024-11-27,UMAC,1
2024-11-27,XTIA,3
2024-11-27,ZENA,1
2024-11-28,AKTS,1
2024-11-28,ATOS,1
2024-11-28,BOLT,3
2024-11-28,CABA,3
2024-11-28,CERO,1
2024-11-28,CKPT,1
2024-11-28,CRKN,1
2024-11-28,CTM,1
2024-11-28,FGEN,1
2024-11-28,KULR,1
2024-11-28,LFLY,1
2024-11-28,MAPS,1
2024-11-28,MSAI,1
2024-11-28,OPTT,1
2024-11-28,QUBT,1
2024-11-28,RGTI,1
2024-11-28,RNXT,1
2024-11-28,TLRY,1
2024-11-28,XERS,1
2024-11-28,XTIA,1
2024-11-29,BOLT,1
2024-11-29,CABA,1
2024-11-29,CERO,1
2024-11-29,CIA,1
2024-11-29,CRKN,1
2024-11-29,CVKD,1
2024-11-29,FGEN,2
2024-11-29,FPAY,1
2024-11-29,FTCI,1
2024-11-29,IDAI,1
2024-11-29,IOBT,1
2024-11-29,KULR,5
2024-11-29,OM,1
2024-11-29,OPTT,8
2024-11-29,OSTX,1
2024-11-29,PDYN,1
2024-11-29,QBTS,1
2024-11-29,QUBT,3
2024-11-29,RCAT,1
2024-11-29,RGTI,3
2024-11-29,SILO,1
2024-11-30,AMPX,1
2024-11-30,CABA,3
2024-11-30,CTM,1
2024-11-30,DNMR,1
2024-11-30,JNVR,1
2024-11-30,KULR,5
2024-11-30,OPTT,3
2024-11-30,OTLK,1
2024-11-30,SURG,1
2024-11-30,TNXP,1
2024-11-30,UAVS,1
2024-11-30,XTIA,1
2024-12-01,AGEN,1
2024-12-01,AKTS,2
2024-12-01,CRKN,1
2024-12-01,GSAT,1
2024-12-01,INBS,1
2024-12-01,KULR,5
2024-12-01,LODE,1
2024-12-01,ONDS,1
2024-12-01,OPTT,2
2024-12-01,PRSO,1
2024-12-01,RCAT,2
2024-12-01,RGTI,1
2024-12-01,SBFM,1
2024-12-01,SKYX,1
2024-12-01,UMAC,2
2024-12-02,AIMD,1
2024-12-02,AISP,1
2024-12-02,BOLT,2
2024-12-02,CABA,3
2024-12-02,CKPT,1
2024-12-02,CTM,2
2024-12-02,DTSS,1
2024-12-02,KDLY,1
2024-12-02,KULR,11
2024-12-02,LODE,3
2024-12-02,MDAI,3
2024-12-02,MIRA,1
2024-12-02,MVST,1
2024-12-02,OMEX,1
2024-12-02,OPTT,7
2024-12-02,OSTX,1
2024-12-02,PL,2
2024-12-02,PLUG,1
2024-12-02,SENS,1
2024-12-02,SLS,1
2024-12-02,SPWH,1
2024-12-02,STI,1
2024-12-02,TLRY,1
2024-12-02,UAVS,1
2024-12-02,XAIR,1
2024-12-03,AKTS,2
2024-12-03,AMPX,1
2024-12-03,BOLT,2
2024-12-03,CABA,2
2024-12-03,CCO,1
2024-12-03,CTM,1
2024-12-03,DM,1
2024-12-03,EOSE,1
2024-12-03,FOXO,2
2024-12-03,IDAI,1
2024-12-03,KDLY,1
2024-12-03,KULR,10
2024-12-03,LCTX,1
2024-12-03,LODE,3
2024-12-03,MDAI,2
2024-12-03,MIRA,1
2024-12-03,NUZE,1
2024-12-03,OPTT,10
2024-12-03,PDYN,1
2024-12-03,RCAT,1
2024-12-03,SNAL,1
2024-12-03,STI,1
2024-12-03,UAMY,2
2024-12-03,UMAC,1
2024-12-03,ZENA,1
2024-12-04,ACXP,1
2024-12-04,AKTS,1
2024-12-04,ASNS,1
2024-12-04,BOLT,1
2024-12-04,CABA,1
2024-12-04,CRKN,1
2024-12-04,CTNT,1
2024-12-04,CYCN,2
2024-12-04,ERNA,1
2024-12-04,FREY,1
2024-12-04,HOTH,1
2024-12-04,IOBT,1
2024-12-04,KDLY,3
2024-12-04,KULR,10
2024-12-04,LODE,6
2024-12-04,MDAI,1
2024-12-04,MVST,1
2024-12-04,OCGN,1
2024-12-04,OPTT,2
2024-12-04,OSTX,1
2024-12-04,PNBK,1
2024-12-04,PRCH,1
2024-12-04,RCAT,1
2024-12-04,RR,1
2024-12-04,SBFM,1
2024-12-04,SIDU,2
2024-12-04,UAMY,1
2024-12-05,AIMD,2
2024-12-05,AKTS,1
2024-12-05,AP,1
2024-12-05,BBAI,1
2024-12-05,BIG,1
2024-12-05,BOLT,3
2024-12-05,CABA,1
2024-12-05,CDT,1
2024-12-05,CLNN,1
2024-12-05,CRKN,2
2024-12-05,EOSE,1
2024-12-05,GRTX,1
2024-12-05,ICU,1
2024-12-05,KULR,5
2024-12-05,LODE,3
2024-12-05,MBOT,1
2024-12-05,MDAI,2
2024-12-05,NCL,1
2024-12-05,NRDY,1
2024-12-05,OPEN,1
2024-12-05,OPTT,4
2024-12-05,PDYN,2
2024-12-05,RNXT,1
2024-12-05,RR,1
2024-12-05,SOUN,2
2024-12-05,STI,1
2024-12-05,STRO,1
2024-12-05,UAMY,2
2024-12-05,WULF,1
2024-12-06,AIMD,1
2024-12-06,AKTS,2
2024-12-06,ASTI,1
2024-12-06,ATOS,1
2024-12-06,BBLG,2
2024-12-06,BGXX,1
2024-12-06,BOLT,1
2024-12-06,BURU,1
2024-12-06,CABA,1
2024-12-06,CTM,3
2024-12-06,CTV,1
2024-12-06,EOSE,1
2024-12-06,GXAI,1
2024-12-06,KULR,2
2024-12-06,LODE,1
2024-12-06,LUNA,1
2024-12-06,MAPS,1
2024-12-06,MIGI,1
2024-12-06,NINE,1
2024-12-06,OSTX,1
2024-12-06,PLUG,1
2024-12-06,RGTI,2
2024-12-06,SLE,1
2024-12-06,TARA,1
2024-12-06,UAMY,1
2024-12-06,WKSP,1
2024-12-07,AKTS,2
2024-12-07,ATYR,1
2024-12-07,BBAI,1
2024-12-07,BLUE,1
2024-12-07,CTM,1
2024-12-07,FATE,1
2024-12-07,FCEL,1
2024-12-07,FGEN,2
2024-12-07,GERN,1
2024-12-07,GLYC,1
2024-12-07,KRON,1
2024-12-07,KULR,7
2024-12-07,LODE,3
2024-12-07,LPTH,1
2024-12-07,MGX,1
2024-12-07,MIGI,1
2024-12-07,NRDY,1
2024-12-07,OPTT,2
2024-12-07,RCAT,1
2024-12-07,RGTI,2
2024-12-07,RIME,1
2024-12-07,SKYX,1
2024-12-07,SLE,1
2024-12-07,SLS,1
2024-12-07,SOUN,1
2024-12-07,SRFM,1
2024-12-07,TLRY,1
2024-12-07,TPST,1
2024-12-07,UMAC,1
2024-12-08,BBAI,1
2024-12-08,DC,1
2024-12-08,ENTO,2
2024-12-08,KULR,1
2024-12-08,LLAP,1
2024-12-08,MGX,1
2024-12-08,MVST,1
2024-12-08,OPTT,1
2024-12-08,SOUN,1
2024-12-08,TNXP,1
2024-12-08,WISA,1
2024-12-09,AMPX,1
2024-12-09,ATOS,2
2024-12-09,BBAI,1
2024-12-09,BBLG,1
2024-12-09,BOLT,1
2024-12-09,CIA,1
2024-12-09,CLOV,1
2024-12-09,CRKN,1
2024-12-09,CYN,2
2024-12-09,DEVS,1
2024-12-09,FGEN,1
2024-12-09,GERN,1
2024-12-09,JTAI,1
2024-12-09,KULR,1
2024-12-09,NRDY,1
2024-12-09,OPTT,1
2024-12-09,QSI,1
2024-12-09,RIME,1
2024-12-09,SOUN,1
2024-12-09,SRFM,1
2024-12-09,TPET,1
2024-12-09,TPIC,1
2024-12-09,UAMY,3
2024-12-09,WKSP,1
2024-12-09,WW,1
2024-12-10,AIM,1
2024-12-10,AIMD,1
2024-12-10,AKTS,1
2024-12-10,BOLT,2
2024-12-10,CHRS,1
2024-12-10,ICCT,1
2024-12-10,JTAI,1
2024-12-10,KULR,3
2024-12-10,MDAI,1
2024-12-10,MVIS,1
2024-12-10,OSTX,1
2024-12-10,PNBK,1
2024-12-10,QBTS,1
2024-12-10,QSI,1
2024-12-10,REAL,1
2024-12-10,RGTI,1
2024-12-10,ROI,1
2024-12-10,TNXP,1
2024-12-10,TOON,1
2024-12-10,WKSP,2
2024-12-10,XTIA,1
2024-12-11,AIM,1
2024-12-11,AMPG,1
2024-12-11,ASST,1
2024-12-11,BBAI,1
2024-12-11,BOLT,1
2024-12-11,CDIO,1
2024-12-11,CODX,1
2024-12-11,CTM,1
2024-12-11,FLYE,1
2024-12-11,GALT,1
2024-12-11,GSAT,1
2024-12-11,KULR,2
2024-12-11,LXRX,1
2024-12-11,MGX,1
2024-12-11,MIGI,1
2024-12-11,NKGN,1
2024-12-11,NOTE,1
2024-12-11,ONDS,1
2024-12-11,OPTT,1
2024-12-11,OPTX,1
2024-12-11,OSTX,1
2024-12-11,PL,1
2024-12-11,PSNL,1
2024-12-11,QBTS,3
2024-12-11,QMCO,1
2024-12-11,QUBT,2
2024-12-11,RCAT,2
2024-12-11,REAL,1
2024-12-11,RGTI,5
2024-12-11,SOUN,3
2024-12-11,SRFM,1
2024-12-11,TLRY,1
2024-12-11,UAMY,2
2024-12-11,UMAC,1
2024-12-11,XAIR,1
2024-12-11,ZEO,1
2024-12-11,ZONE,2
2024-12-12,AMPX,1
2024-12-12,ATOS,3
2024-12-12,AYRO,1
2024-12-12,BBLG,1
2024-12-12,BOLT,2
2024-12-12,BTAI,1
2024-12-12,COEP,1
2024-12-12,DBGI,1
2024-12-12,DNA,1
2024-12-12,DTC,1
2024-12-12,INUV,1
2024-12-12,KULR,1
2024-12-12,LODE,1
2024-12-12,OPK,1
2024-12-12,OPTT,2
2024-12-12,OSTX,2
2024-12-12,PET,1
2024-12-12,RGTI,1
2024-12-12,SLS,1
2024-12-12,SMSI,1
2024-12-12,TNXP,2
2024-12-12,TRUG,1
2024-12-12,WKSP,1
2024-12-12,XFOR,1
2024-12-13,AIM,1
2024-12-13,ASPI,1
2024-12-13,ATOS,2
2024-12-13,AYRO,1
2024-12-13,BBAI,1
2024-12-13,BCAB,1
2024-12-13,BOLT,1
2024-12-13,CKPT,1
2024-12-13,CLSD,1
2024-12-13,COEP,1
2024-12-13,CRKN,1
2024-12-13,DDD,1
2024-12-13,FBIO,1
2024-12-13,GALT,1
2024-12-13,GERN,1
2024-12-13,KULR,1
2024-12-13,LWLG,1
2024-12-13,LXRX,1
2024-12-13,MGX,1
2024-12-13,NEOV,1
2024-12-13,OSTX,1
2024-12-13,PSTV,1
2024-12-13,QBTS,1
2024-12-13,RCAT,1
2024-12-13,REAL,1
2024-12-13,RGTI,1
2024-12-13,RIME,1
2024-12-13,SPGC,1
2024-12-13,TNXP,2
2024-12-13,TRUG,2
2024-12-13,UAMY,2
2024-12-13,WKSP,2
2024-12-13,ZPTA,1
2024-12-14,AMPX,1
2024-12-14,CDIO,1
2024-12-14,CEI,1
2024-12-14,CKPT,1
2024-12-14,FFIE,1
2024-12-14,IDEX,1
2024-12-14,INPX,1
2024-12-14,JAGX,1
2024-12-14,KULR,2
2024-12-14,LODE,1
2024-12-14,MARK,1
2024-12-14,MVST,2
2024-12-14,NRXP,1
2024-12-14,OSTX,1
2024-12-14,PALI,1
2024-12-14,PRPH,1
2024-12-14,QBTS,1
2024-12-14,RCAT,1
2024-12-14,RGTI,1
2024-12-14,TNXP,1
2024-12-14,TOON,1
2024-12-14,WKSP,1
2024-12-15,AISP,1
2024-12-15,ATIP,1
2024-12-15,BBAI,1
2024-12-15,CCO,1
2024-12-15,CVKD,1
2024-12-15,MSN,1
2024-12-15,ONDS,3
2024-12-15,OPTT,2
2024-12-15,RCAT,2
2024-12-15,REKR,1
2024-12-15,RIME,1
2024-12-15,SGMO,1
2024-12-15,SIDU,1
2024-12-15,SOUN,1
2024-12-16,AISP,1
2024-12-16,ATOS,1
2024-12-16,AYRO,1
2024-12-16,BBAI,2
2024-12-16,CDIO,2
2024-12-16,CERO,1
2024-12-16,CKPT,3
2024-12-16,CLSD,1
2024-12-16,COSM,1
2024-12-16,CRKN,1
2024-12-16,CTM,1
2024-12-16,DNA,1
2024-12-16,FGEN,1
2024-12-16,HGBL,1
2024-12-16,KULR,1
2024-12-16,NEOV,1
2024-12-16,NOTE,1
2024-12-16,OPTT,4
2024-12-16,OPTX,1
2024-12-16,OSTX,1
2024-12-16,PDYN,1
2024-12-16,PLBY,1
2024-12-16,QBTS,1
2024-12-16,RCAT,4
2024-12-16,RIME,1
2024-12-16,SIDU,4
2024-12-16,SMR,1
2024-12-16,SRFM,1
2024-12-16,STEM,1
2024-12-16,TLRY,1
2024-12-16,UAVS,1
2024-12-16,XWEL,1
2024-12-17,AKTS,1
2024-12-17,APCX,1
2024-12-17,BBAI,1
2024-12-17,BNGO,1
2024-12-17,CARA,1
2024-12-17,CKPT,4
2024-12-17,CRDF,1
2024-12-17,CTM,1
2024-12-17,ELAB,2
2024-12-17,GOEV,1
2024-12-17,GXAI,2
2024-12-17,HTCR,1
2024-12-17,IDAI,1
2024-12-17,KULR,3
2024-12-17,LODE,1
2024-12-17,MIRA,1
2024-12-17,MVIS,1
2024-12-17,NOTE,2
2024-12-17,NUKK,2
2024-12-17,NXU,1
2024-12-17,OCGN,1
2024-12-17,ONDS,1
2024-12-17,OPTT,3
2024-12-17,OSTX,1
2024-12-17,PGEN,1
2024-12-17,PL,1
2024-12-17,QBTS,1
2024-12-17,QMCO,1
2024-12-17,QUBT,4
2024-12-17,RCAT,1
2024-12-17,RGTI,3
2024-12-17,RIME,2
2024-12-17,RR,1
2024-12-17,SIDU,4
2024-12-17,SILO,1
2024-12-17,SPGC,1
2024-12-17,TLRY,1
2024-12-17,TNXP,12
2024-12-17,VXRT,1
2024-12-17,WKHS,1
2024-12-18,ABAT,1
2024-12-18,AEMD,1
2024-12-18,AISP,1
2024-12-18,ALXO,1
2024-12-18,APCX,1
2024-12-18,ATOS,1
2024-12-18,BNGO,1
2024-12-18,CKPT,4
2024-12-18,DYAI,1
2024-12-18,GNPX,2
2024-12-18,ICCT,1
2024-12-18,IDAI,1
2024-12-18,JAGX,1
2024-12-18,KITT,1
2024-12-18,KULR,5
2024-12-18,LPTH,1
2024-12-18,MVST,2
2024-12-18,NEOV,1
2024-12-18,NRXP,1
2024-12-18,NUKK,2
2024-12-18,PLBY,1
2024-12-18,QUBT,2
2024-12-18,RANI,1
2024-12-18,RCAT,1
2024-12-18,REKR,1
2024-12-18,RGTI,2
2024-12-18,RMTI,1
2024-12-18,SIDU,3
2024-12-18,TNXP,2
2024-12-18,TNYA,2
2024-12-18,UMAC,1
2024-12-18,XAIR,1
2024-12-18,ZPTA,1
2024-12-19,AEMD,2
2024-12-19,AISP,2
2024-12-19,APCX,4
2024-12-19,AQMS,1
2024-12-19,BIG,2
2024-12-19,BNGO,1
2024-12-19,BNZI,1
2024-12-19,BPTH,1
2024-12-19,CERO,1
2024-12-19,CGTX,1
2024-12-19,CKPT,3
2024-12-19,CRKN,1
2024-12-19,CRVO,1
2024-12-19,DNA,1
2024-12-19,DYAI,1
2024-12-19,ELAB,1
2024-12-19,GERN,1
2024-12-19,IRIX,4
2024-12-19,KULR,7
2024-12-19,LODE,2
2024-12-19,LUXH,1
2024-12-19,LVO,1
2024-12-19,MASS,1
2024-12-19,MBOT,1
2024-12-19,MTVA,1
2024-12-19,MVST,1
2024-12-19,NUKK,6
2024-12-19,OPTT,3
2024-12-19,OSTX,1
2024-12-19,PET,1
2024-12-19,PHIO,1
2024-12-19,QBTS,1
2024-12-19,QUBT,2
2024-12-19,RGTI,5
2024-12-19,RIME,1
2024-12-19,RR,2
2024-12-19,SCPX,2
2024-12-19,SIDU,3
2024-12-19,TNXP,4
2024-12-19,TPET,1
2024-12-19,VRAR,4
2024-12-19,ZENA,1
2024-12-20,ABAT,2
2024-12-20,ALUR,1
2024-12-20,AREB,1
2024-12-20,ATXI,1
2024-12-20,BNGO,1
2024-12-20,CASK,1
2024-12-20,CGTX,1
2024-12-20,CHPT,1
2024-12-20,CKPT,2
2024-12-20,CTM,3
2024-12-20,DNA,1
2024-12-20,EDIT,1
2024-12-20,ELEV,1
2024-12-20,GORO,1
2024-12-20,GRI,1
2024-12-20,HSDT,1
2024-12-20,KULR,6
2024-12-20,LIDR,1
2024-12-20,LODE,3
2024-12-20,ME,1
2024-12-20,MVST,3
2024-12-20,MYSZ,2
2024-12-20,NVTS,1
2024-12-20,OPEN,1
2024-12-20,OPTX,1
2024-12-20,PTN,1
2024-12-20,QBTS,1
2024-12-20,REAL,2
2024-12-20,RGTI,1
2024-12-20,SCPX,1
2024-12-20,TLRY,1
2024-12-20,TNXP,3
2024-12-20,UAMY,1
2024-12-20,UNCY,1
2024-12-20,XTIA,1
2024-12-21,ATOS,1
2024-12-21,ATXI,1
2024-12-21,CASK,1
2024-12-21,CKPT,1
2024-12-21,CLOV,1
2024-12-21,CTM,1
2024-12-21,EOSE,1
2024-12-21,KULR,9
2024-12-21,LODE,1
2024-12-21,MGX,1
2024-12-21,MVST,1
2024-12-21,QBTS,2
2024-12-21,QMCO,1
2024-12-21,QUBT,2
2024-12-21,RCAT,3
2024-12-21,RGTI,2
2024-12-21,ROI,2
2024-12-21,SOUN,1
2024-12-22,AMST,2
2024-12-22,ASPI,1
2024-12-22,BDSX,1
2024-12-22,CASK,1
2024-12-22,CTM,2
2024-12-22,KULR,3
2024-12-22,MTVA,1
2024-12-22,MVST,1
2024-12-22,NVVE,1
2024-12-22,PRPH,2
2024-12-22,QUBT,1
2024-12-22,RCAT,2
2024-12-22,RGTI,1
2024-12-22,RIME,1
2024-12-22,RMTI,1
2024-12-22,SILO,2
2024-12-22,STEM,2
2024-12-22,TLRY,2
2024-12-22,TNXP,1
2024-12-22,VRAR,1
2024-12-22,VUZI,1
2024-12-23,AISP,2
2024-12-23,ATOS,1
2024-12-23,CAMP,1
2024-12-23,CHPT,1
2024-12-23,CTM,3
2024-12-23,CYN,2
2024-12-23,DNA,1
2024-12-23,DOUG,1
2024-12-23,DRCT,1
2024-12-23,DRMA,1
2024-12-23,EOSE,1
2024-12-23,GTBP,1
2024-12-23,IMUX,1
2024-12-23,KPTI,1
2024-12-23,KULR,4
2024-12-23,LODE,2
2024-12-23,MGOL,1
2024-12-23,MGX,1
2024-12-23,NVTS,2
2024-12-23,OPTX,1
2024-12-23,PHIO,1
2024-12-23,PIK,2
2024-12-23,PRPH,1
2024-12-23,RAPT,1
2024-12-23,RELI,1
2024-12-23,RIME,1
2024-12-23,TLRY,3
2024-12-23,TRAW,2
2024-12-23,ZDGE,1
2024-12-24,ABAT,1
2024-12-24,AISP,1
2024-12-24,ATHA,1
2024-12-24,ATOS,2
2024-12-24,BBAI,2
2024-12-24,CERO,3
2024-12-24,CTM,4
2024-12-24,DRCT,1
2024-12-24,EDBL,2
2024-12-24,KULR,8
2024-12-24,LODE,1
2024-12-24,LUCD,1
2024-12-24,MVST,1
2024-12-24,NVTS,2
2024-12-24,OSTX,1
2024-12-24,RGTI,1
2024-12-24,TLRY,1
2024-12-24,ZDGE,1
2024-12-25,ABAT,1
2024-12-25,ADN,1
2024-12-25,AMPX,3
2024-12-25,AMST,1
2024-12-25,APDN,1
2024-12-25,BBAI,1
2024-12-25,CERO,3
2024-12-25,CNTM,1
2024-12-25,CTCX,1
2024-12-25,CTM,1
2024-12-25,DC,2
2024-12-25,DEVS,1
2024-12-25,EOSE,1
2024-12-25,FREY,1
2024-12-25,KULR,4
2024-12-25,LIDR,1
2024-12-25,LODE,4
2024-12-25,LPTH,1
2024-12-25,LUCD,1
2024-12-25,MVST,1
2024-12-25,NOTE,1
2024-12-25,NVTS,1
2024-12-25,OPTT,1
2024-12-25,PDYN,1
2024-12-25,PLUG,1
2024-12-25,QSI,1
2024-12-25,REAL,1
2024-12-25,REKR,1
2024-12-25,RGTI,2
2024-12-25,RR,1
2024-12-25,SENS,1
2024-12-25,SLDP,1
2024-12-25,SPAI,1
2024-12-25,SRFM,1
2024-12-25,STI,1
2024-12-25,UNCY,1
2024-12-26,AMST,1
2024-12-26,ARTW,1
2024-12-26,ASST,1
2024-12-26,ATOS,1
2024-12-26,BBAI,1
2024-12-26,BIG,1
2024-12-26,CGTX,1
2024-12-26,CRKN,2
2024-12-26,CTM,12
2024-12-26,FREY,1
2024-12-26,GRYP,1
2024-12-26,KULR,12
2024-12-26,LODE,9
2024-12-26,MGOL,3
2024-12-26,MULN,1
2024-12-26,MVST,2
2024-12-26,NOTE,1
2024-12-26,OBLG,1
2024-12-26,ONDS,1
2024-12-26,OPTT,6
2024-12-26,OSTX,1
2024-12-26,PDYN,2
2024-12-26,PGEN,1
2024-12-26,QBTS,2
2024-12-26,QRTEA,1
2024-12-26,QUBT,1
2024-12-26,RCAT,2
2024-12-26,REKR,1
2024-12-26,RGTI,1
2024-12-26,ROI,1
2024-12-26,RR,1
2024-12-26,SES,2
2024-12-26,STI,1
2024-12-26,TNXP,1
2024-12-26,TRUG,1
2024-12-26,UNCY,1
2024-12-26,WATT,1
2024-12-27,ABAT,1
2024-12-27,ACON,1
2024-12-27,AMPG,1
2024-12-27,AMPX,3
2024-12-27,ARTW,1
2024-12-27,ATOS,1
2024-12-27,BBAI,4
2024-12-27,CASK,1
2024-12-27,CERO,2
2024-12-27,CHPT,1
2024-12-27,CKPT,1
2024-12-27,CRKN,4
2024-12-27,CTM,18
2024-12-27,CTV,1
2024-12-27,CXAI,1
2024-12-27,DNA,1
2024-12-27,DTC,1
2024-12-27,EDBL,1
2024-12-27,EDIT,1
2024-12-27,ELEV,1
2024-12-27,FFIE,1
2024-12-27,FGEN,1
2024-12-27,GGE,1
2024-12-27,KULR,12
2024-12-27,LASE,1
2024-12-27,LODE,21
2024-12-27,LPSN,2
2024-12-27,LPTH,1
2024-12-27,LUNA,1
2024-12-27,MBOT,1
2024-12-27,MRIN,1
2024-12-27,MVIS,1
2024-12-27,MVST,8
2024-12-27,NOTE,2
2024-12-27,NRXP,1
2024-12-27,NVTS,1
2024-12-27,NXPL,1
2024-12-27,ONDS,1
2024-12-27,OPEN,1
2024-12-27,OPTT,9
2024-12-27,OTLK,4
2024-12-27,PDYN,1
2024-12-27,QSI,3
2024-12-27,RCAT,1
2024-12-27,REKR,1
2024-12-27,ROI,1
2024-12-27,RR,2
2024-12-27,SES,1
2024-12-27,SOUN,3
2024-12-27,SSP,1
2024-12-27,STI,1
2024-12-27,TNYA,1
2024-12-27,TOI,1
2024-12-27,UAMY,1
2024-12-27,VINC,1
2024-12-27,WISA,1
2024-12-27,WKSP,1
2024-12-27,WWR,1
2024-12-27,XTIA,1
2024-12-28,AMPX,1
2024-12-28,ARTW,4
2024-12-28,BKYI,1
2024-12-28,CKPT,1
2024-12-28,CRKN,3
2024-12-28,CTM,3
2024-12-28,DMN,1
2024-12-28,FBIO,1
2024-12-28,INTZ,1
2024-12-28,KULR,7
2024-12-28,LODE,2
2024-12-28,LPSN,1
2024-12-28,MDAI,1
2024-12-28,NDLS,1
2024-12-28,OPTT,2
2024-12-28,QUBT,1
2024-12-28,RCAT,1
2024-12-28,RGTI,2
2024-12-28,RR,2
2024-12-28,SES,1
2024-12-28,SIDU,1
2024-12-28,TLRY,1
2024-12-28,TNXP,1
2024-12-28,VINC,2
2024-12-28,VXRT,1
2024-12-28,WWR,1
2024-12-28,XTIA,4
2024-12-29,AMPX,1
2024-12-29,ATOS,1
2024-12-29,BBAI,1
2024-12-29,CASK,1
2024-12-29,CERO,2
2024-12-29,CKPT,1
2024-12-29,CLIR,1
2024-12-29,CTM,10
2024-12-29,EVGO,1
2024-12-29,FFIE,2
2024-12-29,FLYE,1
2024-12-29,GORO,1
2024-12-29,GPUS,1
2024-12-29,GRYP,2
2024-12-29,GSAT,1
2024-12-29,INTZ,1
2024-12-29,KULR,7
2024-12-29,LGMK,2
2024-12-29,LODE,11
2024-12-29,LPSN,2
2024-12-29,MGX,2
2024-12-29,MTEM,2
2024-12-29,MVST,3
2024-12-29,NVTS,1
2024-12-29,OPTT,8
2024-12-29,OTLK,1
2024-12-29,PDYN,1
2024-12-29,PRTS,1
2024-12-29,REKR,1
2024-12-29,RGTI,2
2024-12-29,RR,3
2024-12-29,RVPH,1
2024-12-29,SLDP,1
2024-12-29,SOBR,1
2024-12-29,STI,2
2024-12-29,TNXP,2
2024-12-29,UAVS,2
2024-12-29,VINC,1
2024-12-29,WWR,1
2024-12-30,ABAT,1
2024-12-30,ABP,1
2024-12-30,ACON,1
2024-12-30,AMLX,1
2024-12-30,AMPX,2
2024-12-30,AMST,1
2024-12-30,ANGI,1
2024-12-30,APCX,1
2024-12-30,ARTW,2
2024-12-30,ASNS,1
2024-12-30,ATOS,2
2024-12-30,BBAI,9
2024-12-30,BCLI,1
2024-12-30,BLBX,1
2024-12-30,BNGO,4
2024-12-30,BTAI,1
2024-12-30,CABA,1
2024-12-30,CERO,1
2024-12-30,CKPT,1
2024-12-30,CLIR,3
2024-12-30,CRKN,1
2024-12-30,CTM,28
2024-12-30,CTV,1
2024-12-30,EYEN,2
2024-12-30,FEAM,1
2024-12-30,FFIE,2
2024-12-30,FGEN,1
2024-12-30,FLYE,2
2024-12-30,GSAT,4
2024-12-30,INTZ,2
2024-12-30,INUV,1
2024-12-30,KOPN,1
2024-12-30,KORE,1
2024-12-30,KULR,27
2024-12-30,LIDR,1
2024-12-30,LODE,30
2024-12-30,LPSN,11
2024-12-30,MBOT,1
2024-12-30,MDAI,1
2024-12-30,ME,1
2024-12-30,MGOL,1
2024-12-30,MNTS,1
2024-12-30,MVIS,2
2024-12-30,MVST,3
2024-12-30,NRGV,1
2024-12-30,NXU,5
2024-12-30,OCTO,2
2024-12-30,OMEX,1
2024-12-30,ONDS,2
2024-12-30,ONVO,1
2024-12-30,OPTT,37
2024-12-30,OSTX,1
2024-12-30,PDYN,3
2024-12-30,PET,1
2024-12-30,PLX,1
2024-12-30,POAI,1
2024-12-30,POLA,3
2024-12-30,POWW,2
2024-12-30,PRPH,1
2024-12-30,QBTS,2
2024-12-30,QSI,1
2024-12-30,RCAT,3
2024-12-30,REKR,13
2024-12-30,RGTI,1
2024-12-30,SAVE,1
2024-12-30,SES,2
2024-12-30,SIDU,1
2024-12-30,SLE,1
2024-12-30,SOBR,1
2024-12-30,SOUN,4
2024-12-30,SRFM,1
2024-12-30,STEM,1
2024-12-30,STI,2
2024-12-30,TNXP,2
2024-12-30,TNYA,1
2024-12-30,UAMY,1
2024-12-30,UMAC,1
2024-12-30,WATT,2
2024-12-30,XTIA,2
2024-12-31,AEI,1
2024-12-31,AILE,1
2024-12-31,AIM,1
2024-12-31,AISP,3
2024-12-31,AMPG,1
2024-12-31,APDN,1
2024-12-31,ARTW,1
2024-12-31,ASNS,2
2024-12-31,ATOS,3
2024-12-31,BACK,1
2024-12-31,BBAI,6
2024-12-31,BIG,1
2024-12-31,BMRA,1
2024-12-31,BNAI,2
2024-12-31,BNGO,4
2024-12-31,CABA,1
2024-12-31,CERO,1
2024-12-31,CETX,2
2024-12-31,CKPT,1
2024-12-31,CLIR,2
2024-12-31,CNSP,1
2024-12-31,CRKN,5
2024-12-31,CTM,14
2024-12-31,DNA,2
2024-12-31,EDBL,1
2024-12-31,ELEV,1
2024-12-31,EYEN,1
2024-12-31,FFIE,1
2024-12-31,FLYE,6
2024-12-31,GEVO,1
2024-12-31,GOEV,1
2024-12-31,GORO,1
2024-12-31,GSAT,1
2024-12-31,IMNN,2
2024-12-31,IOBT,1
2024-12-31,ITP,2
2024-12-31,KNW,1
2024-12-31,KORE,1
2024-12-31,KULR,24
2024-12-31,LEXX,1
2024-12-31,LODE,22
2024-12-31,LPSN,8
2024-12-31,LRHC,1
2024-12-31,MBOT,6
2024-12-31,MDAI,2
2024-12-31,MOVE,1
2024-12-31,MRNS,1
2024-12-31,MULN,1
2024-12-31,MVIS,1
2024-12-31,MVST,3
2024-12-31,NINE,1
2024-12-31,NKLA,1
2024-12-31,NRDY,1
2024-12-31,NXU,2
2024-12-31,ONCO,2
2024-12-31,ONDS,1
2024-12-31,OPTT,25
2024-12-31,PET,1
2024-12-31,POWW,2
2024-12-31,PRPH,1
2024-12-31,QBTS,3
2024-12-31,QUBT,1
2024-12-31,RCAT,1
2024-12-31,REAL,1
2024-12-31,REKR,3
2024-12-31,RGTI,2
2024-12-31,RIME,1
2024-12-31,RR,2
2024-12-31,SKYX,1
2024-12-31,SLDP,2
2024-12-31,SOBR,1
2024-12-31,SOUN,3
2024-12-31,STEM,1
2024-12-31,TALK,1
2024-12-31,TNXP,2
2024-12-31,UAMY,1
2024-12-31,VEEE,1
2024-12-31,VERI,1
2024-12-31,VRME,1
2024-12-31,WATT,2
2024-12-31,XAIR,1
2024-12-31,XPON,1
2024-12-31,XTIA,6
