group,ticker,post_count,mean_sentiment_value,mean_positive,mean_negative,mean_neutral,mean_top_score,mean_daily_sentiment_value,mean_weekly_sentiment_value,mean_weekly_confidence,overall_sentiment
bottom25,KORE,1,0.946811854839325,0.946811854839325,0.0,0.0,0.946811854839325,0.946811854839325,0.946811854839325,0.946811854839325,positive
bottom25,JNVR,1,0.911391019821167,0.911391019821167,0.0,0.0,0.911391019821167,0.911391019821167,0.911391019821167,0.911391019821167,positive
bottom25,TSHA,4,0.2056482583284378,0.2056482583284378,0.0,0.683279812335968,0.8889280706644058,0.2056482583284378,0.2056482583284378,0.8889280706644058,positive
bottom25,IRIX,4,0.1789630800485611,0.3862416446208954,0.2072785645723343,0.1783490628004074,0.7718692719936371,0.1789630800485611,0.1789630800485611,0.7718692719936371,positive
bottom25,VTNR,8,0.17630085349082947,0.17630085349082947,0.0,0.5674579739570618,0.7437588274478912,0.17630085349082947,0.17630085349082947,0.7437588274478912,positive
bottom25,AP,5,0.13118804693222047,0.13118804693222047,0.0,0.44146223068237306,0.5726502776145935,0.16398505866527557,0.2186467448870341,0.5818372766176859,positive
bottom25,ALRN,14,0.1262687189238412,0.1262687189238412,0.0,0.6090259786163058,0.735294697540147,0.12169939031203587,0.10672205576190243,0.7326802649983652,positive
bottom25,APDN,23,0.12022389018017313,0.12022389018017313,0.0,0.6442020017167797,0.7644258918969528,0.10881743512370369,0.11514407230748071,0.7749730795621872,positive
bottom25,VRME,10,0.08870012164115906,0.08870012164115906,0.0,0.7046495735645294,0.7933496952056884,0.08870012164115906,0.09855569071239895,0.7965063452720642,positive
bottom25,AMPE,31,0.07448124981695606,0.16489900888935213,0.09041775907239606,0.49158356843456147,0.7469003363963096,0.06245175202687581,0.053905356725056974,0.7488030437628429,positive
bottom25,ADTX,29,0.06946174029646249,0.09634612963117402,0.026884389334711534,0.597855614177112,0.7210861331429975,0.0562342631816864,0.06390257179737091,0.7456186948852106,positive
bottom25,ALPP,133,0.04200296832206554,0.06482487782499843,0.0228219095029329,0.6932999800918693,0.7809467674198007,0.04319183911596026,0.06942021610632619,0.7845357677927319,positive
bottom25,AGL,1,0.0,0.0,0.0,0.7335054278373718,0.7335054278373718,0.0,0.0,0.7335054278373718,neutral
bottom25,AMLX,1,0.0,0.0,0.0,0.48018878698349,0.48018878698349,0.0,0.0,0.48018878698349,neutral
bottom25,ARAV,5,0.0,0.0,0.0,0.8066393733024597,0.8066393733024597,0.0,0.0,0.7952096462249756,neutral
bottom25,IOBT,1,0.0,0.0,0.0,0.9454959034919739,0.9454959034919739,0.0,0.0,0.9454959034919739,neutral
bottom25,KNW,2,0.0,0.0,0.0,0.8672199249267578,0.8672199249267578,0.0,0.0,0.8672199249267578,neutral
bottom25,TRVI,1,0.0,0.0,0.0,0.7335054278373718,0.7335054278373718,0.0,0.0,0.7335054278373718,neutral
bottom25,VEEE,2,0.0,0.0,0.0,0.8321548998355865,0.8321548998355865,0.0,0.0,0.8321548998355865,neutral
bottom25,VIRI,4,0.0,0.0,0.0,0.7335054278373718,0.7335054278373718,0.0,0.0,0.7335054278373718,neutral
bottom25,VRCA,6,0.0,0.0,0.0,0.7832351525624593,0.7832351525624593,0.0,0.0,0.7832351525624593,neutral
bottom25,VSEE,1,0.0,0.0,0.0,0.9342840909957886,0.9342840909957886,0.0,0.0,0.9342840909957886,neutral
bottom25,TTNP,60,-0.001233571767807007,0.043490481376647946,0.044724053144454955,0.6987384219964345,0.7869529565175374,0.025741392657870336,0.04215073713692285,0.7923904378567973,neutral
bottom25,ISUN,4,-0.024949178099632263,0.20672377943992615,0.2316729575395584,0.40241189301013947,0.840808629989624,-0.024949178099632263,-0.024949178099632263,0.840808629989624,negative
bottom25,AGRX,16,-0.048681728541851044,0.054210156202316284,0.10289188474416733,0.616658877581358,0.7737609185278416,-0.05192717711130778,-0.025610489149888355,0.785982628663381,negative
no_mentions,OLPX,1,0.7795227766036987,0.7795227766036987,0.0,0.0,0.7795227766036987,0.7795227766036987,0.7795227766036987,0.7795227766036987,positive
no_mentions,RXT,2,0.6607410162687302,0.6607410162687302,0.0,0.0,0.6607410162687302,0.6607410162687302,0.6607410162687302,0.6607410162687302,positive
no_mentions,IHRT,1,0.6067202091217041,0.6067202091217041,0.0,0.0,0.6067202091217041,0.6067202091217041,0.6067202091217041,0.6067202091217041,positive
no_mentions,HYLN,6,0.10474139451980591,0.10474139451980591,0.0,0.6588302850723267,0.7635716795921326,0.10474139451980591,0.10474139451980591,0.7635716795921326,positive
no_mentions,ALLO,2,0.09258440136909485,0.4411073327064514,0.34852293133735657,0.0,0.789630264043808,0.09258440136909485,0.09258440136909485,0.789630264043808,positive
no_mentions,SMRT,13,0.06922356898968036,0.06922356898968036,0.0,0.7250863726322467,0.7943099416219271,0.07499219973882039,0.056244149804115295,0.7907378152012825,positive
no_mentions,AEVA,1,0.0,0.0,0.0,0.7335054278373718,0.7335054278373718,0.0,0.0,0.7335054278373718,neutral
no_mentions,AMWL,1,0.0,0.0,0.0,0.7645812630653381,0.7645812630653381,0.0,0.0,0.7645812630653381,neutral
no_mentions,BKSY,1,0.0,0.0,0.0,0.7335054278373718,0.7335054278373718,0.0,0.0,0.7335054278373718,neutral
no_mentions,KIND,1,0.0,0.0,0.0,0.9214177131652832,0.9214177131652832,0.0,0.0,0.9214177131652832,neutral
no_mentions,LAB,1,0.0,0.0,0.0,0.9035069942474365,0.9035069942474365,0.0,0.0,0.9035069942474365,neutral
no_mentions,MRSN,1,0.0,0.0,0.0,0.7335054278373718,0.7335054278373718,0.0,0.0,0.7335054278373718,neutral
no_mentions,SLQT,2,0.0,0.0,0.0,0.8107834756374359,0.8107834756374359,0.0,0.0,0.8107834756374359,neutral
no_mentions,EAF,1,-0.902265727519989,0.0,0.902265727519989,0.0,0.902265727519989,-0.902265727519989,-0.902265727519989,0.902265727519989,negative
no_mentions,ATUS,1,-0.9609462022781372,0.0,0.9609462022781372,0.0,0.9609462022781372,-0.9609462022781372,-0.9609462022781372,0.9609462022781372,negative
top25,PRSO,40,0.6040126487612725,0.6441573858261108,0.04014473706483841,0.1403631165623665,0.8246652394533157,0.5929137943129913,0.447934391712531,0.8033468700372256,positive
top25,RCAT,48,0.3392883663376172,0.3561213177939256,0.016832951456308365,0.4141703173518181,0.7871245866020521,0.3145869005471468,0.3117559939225515,0.7762083062330882,positive
top25,FGEN,33,0.3289049258737853,0.4162152987537962,0.0873103728800109,0.3005384784756285,0.8040641501094355,0.3391832048073411,0.3282860312859217,0.7966941767930984,positive
top25,LVO,27,0.3012835515869988,0.3012835515869988,0.0,0.46866127959004156,0.7699448311770404,0.4087755636981696,0.3303332257270813,0.7764145247141521,positive
top25,OSTX,38,0.269602748124223,0.28176891646887126,0.012166168344648261,0.46057666602887604,0.7545117508423956,0.26800789706634753,0.25522787372271216,0.7553013195594152,positive
top25,MIGI,124,0.2656519247158881,0.3583334133990349,0.09268148868314681,0.3100742500635885,0.7610891521457703,0.28402664189068777,0.25719760020573934,0.7759971228929666,positive
top25,CTM,39,0.2135153749050238,0.2355747131200937,0.022059338215069894,0.5505385826795529,0.8081726340147165,0.26636130302801897,0.30747359232944355,0.7846241203839319,positive
top25,KULR,126,0.20758141648201717,0.22030273505619594,0.012721318574178787,0.542024364547124,0.7750484181774987,0.20409283596893837,0.17882639251509283,0.7495197614701385,positive
top25,VLD,20,0.20559094250202178,0.2983476996421814,0.0927567571401596,0.41855795979499816,0.8096624165773392,0.151489822779383,0.15227053431021112,0.802840090426458,positive
top25,MDAI,25,0.20194751262664795,0.23542696475982666,0.03347945213317871,0.4666650032997131,0.7355714201927185,0.2102475861708323,0.23890389129519463,0.7433420589991978,positive
top25,GWAV,27,0.1609328168409842,0.1609328168409842,0.0,0.6312905660382023,0.7922233828791866,0.1843629440775624,0.19701905184321933,0.8094264196852843,positive
top25,PEGY,21,0.14987474396115258,0.14987474396115258,0.0,0.6229447296687535,0.7728194736299061,0.09474088890211922,0.048813424949292784,0.7706182113400213,positive
top25,CRKN,26,0.1435161645595844,0.1435161645595844,0.0,0.6261381346445817,0.7696542992041662,0.16698813289403916,0.1833857910973685,0.7787530022008078,positive
top25,RNXT,43,0.14315728669942812,0.21677098163338596,0.07361369493395784,0.4475936286671217,0.7379783052344655,0.14652597084641455,0.1125030935856334,0.7478501488242233,positive
top25,JAGX,101,0.13333665291861732,0.17187822160154287,0.038541568682925534,0.5652732235370296,0.775693013821498,0.16235958752978563,0.1454806251033904,0.7686682644571577,positive
top25,OPTT,91,0.12879459347043717,0.16399574345284765,0.03520114998241047,0.5613145183075915,0.7605114117428496,0.1389400335117465,0.14131420450153845,0.7510500413464409,positive
top25,LODE,75,0.11639412959416708,0.1467768414815267,0.03038271188735962,0.642680287361145,0.8198398407300314,0.12104103427170676,0.11913990590418753,0.820498247198364,positive
top25,FFIE,68,0.08992320912725785,0.10972252663444071,0.01979931750718285,0.6274701952934265,0.7569920394350501,0.053223078628938214,0.028630942680947378,0.7705921131306771,positive
top25,OCGN,176,0.0871669091284275,0.09239070456136357,0.005223795432936062,0.6650099324231799,0.7626244324174795,0.11464841695305723,0.1371554036763745,0.7387710852925438,positive
top25,OCEA,21,0.07666462234088353,0.12052685448101588,0.04386223214013236,0.6140622865586054,0.7784513731797537,0.11502836147944133,0.03935310865441958,0.7966531343758105,positive
top25,AKTS,82,0.07129573640300006,0.2569099533848646,0.18561421698186456,0.3231507939536397,0.7656749643203689,0.08050064031409208,0.18016673748185033,0.7803414610575656,positive
top25,TNXP,208,0.054244475869032055,0.06799745932221413,0.013752983453182073,0.6937231911489596,0.7754736339243559,0.05526734351673547,0.0635682949051261,0.7868462957500635,positive
top25,ICU,57,0.03861000140508016,0.09364274091887892,0.055032739513798765,0.6295137248541179,0.7781892052867956,0.00883769573167313,-0.0017599100416356857,0.7504373702813278,positive
top25,SLS,75,0.016412197351455687,0.042757470607757565,0.02634527325630188,0.6882623926798502,0.7573651365439097,0.029793015828258114,0.032631053459988756,0.7630125386126311,positive
top25,EVA,34,-0.022744823028059566,0.09968570926610161,0.12243053229416118,0.5284282687832328,0.7505445103434956,-0.1274791833078652,-0.13121402095564286,0.7378388416737017,negative
